year,sector,total_revenue_m_eur,total_expenditure_m_eur,balance_m_eur,identity_error_m_eur,within_tolerance
1977,central_government,714.0366693,870.0299679,-155.9932986,2.842170943e-14,True
1978,central_government,821.9568908,1136.118771,-314.1618804,1.136868377e-13,True
1979,central_government,1049.203943,1446.362846,-397.1589032,-1.136868377e-13,True
1980,central_government,1436.705863,2066.936699,-630.2308367,-1.136868377e-13,True
1981,central_government,1831.404177,2846.938138,-1015.533961,1.136868377e-13,True
1982,central_government,2399.281361,3227.835855,-828.5544937,0,True
1983,central_government,3333.996174,4223.094191,-889.0980178,0,True
1984,central_government,3950.142874,5761.472506,-1811.329632,4.547473509e-13,True
1985,central_government,4860.586073,7013.674743,-2153.088671,-4.547473509e-13,True
1986,central_government,6078.793251,7876.509754,-1797.716503,9.094947018e-13,True
1987,central_government,6728.951443,8544.609707,-1815.658264,6.821210263e-13,True
1988,central_government,8283.222942,9713.826687,-1430.603745,2.273736754e-13,True
1989,central_government,10195.57301,11308.28787,-1112.714857,4.547473509e-13,True
1990,central_government,12061.86432,14480.05698,-2418.192656,-9.094947018e-13,True
1991,central_government,14527.76056,17782.94407,-3255.183508,0,True
1992,central_government,18066.82413,20096.129,-2029.304875,-1.591615728e-12,True
1993,central_government,17570.7775,21657.40224,-4086.624734,0,True
1994,central_government,18654.55986,22726.32943,-4071.769574,5.456968211e-12,True
1995,central_government,20382.65757,24603.39678,-4220.739214,4.547473509e-12,True
2000,central_government,37650.73102,41454.68255,-3803.951523,0,True
2001,central_government,39179.8633,44940.5604,-5760.697099,0,True
2002,central_government,41738.49751,46831.309,-5092.811492,0,True
2003,central_government,41821.94515,49799.483,-7977.537848,0,True
2004,central_government,43953.00512,53151.77114,-9198.766025,0,True
2005,central_government,46471.15823,56126.51629,-9655.358061,0,True
2006,central_government,49035.01429,56597.22592,-7562.211624,0,True
2007,central_government,52121.45184,58164.19422,-6042.742376,0,True
2008,central_government,53388.50048,60797.69386,-7409.193381,0,True
2009,central_government,49921.89232,66270.34,-16348.44768,0,True
2010,central_government,51710.93746,71509.89,-19798.95254,0,True
2011,central_government,52920.05635,66781.90253,-13861.84618,0,True
2012,central_government,51152.57797,62755.24698,-11602.66901,0,True
2013,central_government,55395.977,64951.186,-9555.209,0,True
2014,central_government,55565.797,69779.726,-14213.929,0,True
2015,central_government,57146.272,67077.077,-9930.804996,0,True
2016,central_government,57827.675,63882.69666,-6055.02166,0,True
2017,central_government,59609.958,68070.06906,-8460.11106,0,True
2018,central_government,62729.968,66136.826,-3406.858,0,True
2019,central_government,64478.957,67809.874,-3330.917,0,True
2020,central_government,60730.664,74285.28,-13554.616,0,True
2021,central_government,67585.587,75570.311,-7984.724,0,True
2022,central_government,74210.969,79177.104,-4966.135,0,True
2023,central_government,80759.467,83206.913,-2447.446,0,True
2024,central_government,85645.29655,90069.224,-4423.92745,0,True
2025,central_government,89872.92837,95508.733,-5635.804633,0,True
1977,general_government,1000.246235,1148.051726,-147.8054908,1.136868377e-13,True
1978,general_government,1225.365671,1505.092277,-279.7266063,-5.684341886e-14,True
1979,general_government,1564.458551,1893.112603,-328.654052,0,True
1980,general_government,2087.470766,2712.34811,-624.8773436,2.273736754e-13,True
1981,general_government,2660.933449,3763.613319,-1102.679869,-2.273736754e-13,True
1982,general_government,3496.553054,4411.035426,-914.4823725,5.684341886e-13,True
1983,general_government,4709.559563,5627.054539,-917.4949761,5.684341886e-13,True
1984,general_government,5652.560106,7360.213643,-1707.653536,0,True
1985,general_government,6920.366742,9039.473235,-2119.106493,4.547473509e-13,True
1986,general_government,9012.277954,10497.89711,-1485.619158,-4.547473509e-13,True
1987,general_government,10359.01774,11998.81034,-1639.7926,1.136868377e-12,True
1988,general_government,12671.70579,13795.44142,-1123.735627,-4.547473509e-13,True
1989,general_government,15370.56881,16261.48344,-890.9146258,-9.094947018e-13,True
1990,general_government,18124.3014,20650.5543,-2526.252896,-4.547473509e-13,True
1991,general_government,21888.46828,25343.54926,-3455.08098,-4.547473509e-13,True
1992,general_government,27178.88675,29087.1558,-1908.269047,-1.136868377e-12,True
1993,general_government,27547.13671,31676.94313,-4129.806417,9.094947018e-13,True
1994,general_government,28802.49785,33259.35412,-4456.856276,0,True
1995,general_government,33340.722,37951.224,-4610.502,0,True
1996,general_government,36241.859,40711.915,-4470.056,0,True
1997,general_government,39656.803,43448.78336,-3791.98036,0,True
1998,general_government,42639.753,47525.42883,-4885.675827,0,True
1999,general_government,47296.367,50922.13654,-3625.76954,0,True
2000,general_government,50702.40286,54774.56255,-4072.15969,0,True
2001,general_government,53476.97974,59914.7764,-6437.796655,0,True
2002,general_government,57666.3704,62352.936,-4686.565605,0,True
2003,general_government,58026.52961,66351.57,-8325.04039,0,True
2004,general_government,61005.6094,70448.44514,-9442.835742,0,True
2005,general_government,64451.88292,74171.17629,-9719.293373,0,True
2006,general_government,68291.6555,75219.73653,-6928.081031,0,True
2007,general_government,73063.38567,78108.6133,-5045.227633,0,True
2008,general_government,74640.68041,81465.78559,-6825.105171,0,True
2009,general_government,70838.8492,88159.877,-17321.0278,0,True
2010,general_government,72787.32031,93324.456,-20537.13569,0,True
2011,general_government,74583.48535,88207.52953,-13624.04418,0,True
2012,general_government,71850.68572,82304.16014,-10453.47442,0,True
2013,general_government,76365.855,85264.144,-8898.289,0,True
2014,general_government,76797.108,89548.643,-12751.535,0,True
2015,general_government,78651.418,86677.404,-8025.985998,0,True
2016,general_government,79998.988,83621.04866,-3622.06066,0,True
2017,general_government,83059.48,88929.03706,-5869.55706,0,True
2018,general_government,87853.036,88725.861,-872.825,0,True
2019,general_government,91366.173,91117.18,248.993,0,True
2020,general_government,87189.676,98753.544,-11563.868,0,True
2021,general_government,96378.011,102495.06,-6117.049,0,True
2022,general_government,106276.305,107033.577,-757.272,0,True
2023,general_government,116670.606,113640.888,3029.718,0,True
2024,general_government,124667.8344,122805.317,1862.517353,0,True
2025,general_government,132999.9988,130941.369,2058.629783,0,True
1977,regional_local_government,106.7565077,94.71531141,12.0411963,3.552713679e-15,True
1978,regional_local_government,129.4453329,128.2048793,1.240453622,2.26485497e-14,True
1979,regional_local_government,219.3986525,207.5718522,11.82680028,-5.329070518e-15,True
1980,regional_local_government,289.8306424,312.2378561,-22.40721362,-7.105427358e-15,True
1981,regional_local_government,357.8072792,428.177901,-70.3706218,-1.421085472e-14,True
1982,regional_local_government,427.782783,531.5805753,-103.7977923,-5.684341886e-14,True
1983,regional_local_government,507.6621444,603.7160196,-96.05387516,5.684341886e-14,True
1984,regional_local_government,596.6203911,693.2865856,-96.66619447,4.263256415e-14,True
1985,regional_local_government,751.6295467,879.3455262,-127.7159795,-4.263256415e-14,True
1986,regional_local_government,967.0287415,998.0290308,-31.0002893,-1.030286967e-13,True
1987,regional_local_government,1316.095734,1303.356436,12.73929829,-1.012523398e-13,True
1988,regional_local_government,1613.154921,1537.85639,75.29853054,-7.105427358e-14,True
1989,regional_local_government,1913.131288,1977.750555,-64.61926757,1.705302566e-13,True
1990,regional_local_government,2169.11489,2505.224865,-336.109975,-2.842170943e-13,True
1991,regional_local_government,2690.151,2820.152696,-130.0016959,-1.705302566e-13,True
1992,regional_local_government,3302.045288,3361.766361,-59.72107222,1.98951966e-13,True
1993,regional_local_government,3419.076461,3688.741568,-269.6651071,-2.842170943e-13,True
1994,regional_local_government,3468.916183,3575.616775,-106.7005919,-1.98951966e-13,True
1995,regional_local_government,3827.127211,3794.547911,32.57930034,-2.842170943e-14,True
2000,regional_local_government,7234.253858,7717.396,-483.1421419,0,True
2001,regional_local_government,8161.061584,8695.577,-534.5154155,0,True
2002,regional_local_government,8565.992719,9218.501,-652.5082811,0,True
2003,regional_local_government,8659.707878,9350.197,-690.4891224,0,True
2004,regional_local_government,9276.94396,9802.328,-525.3840396,0,True
2005,regional_local_government,9715.558628,10292.595,-577.0363721,0,True
2006,regional_local_government,10568.73911,10774.41033,-205.6712154,0,True
2007,regional_local_government,11242.2054,11707.27438,-465.0689843,0,True
2008,regional_local_government,11612.54793,12708.66954,-1096.12161,0,True
2009,regional_local_government,11682.43903,13067.476,-1385.03697,0,True
2010,regional_local_government,11804.88266,13347.841,-1542.95834,0,True
2011,regional_local_government,11773.368,11974.538,-201.17,0,True
2012,regional_local_government,11325.65575,10490.34616,835.30959,0,True
2013,regional_local_government,11568.173,11259.093,309.08,0,True
2014,regional_local_government,11053.33,10398.572,654.758,0,True
2015,regional_local_government,11443.594,10667.309,776.285,0,True
2016,regional_local_government,11545.528,10682.51,863.018,0,True
2017,regional_local_government,11872.341,11524.341,348,0,True
2018,regional_local_government,12468.087,11968.846,499.241,0,True
2019,regional_local_government,13034.127,12429.687,604.44,0,True
2020,regional_local_government,13173.567,13380.728,-207.161,0,True
2021,regional_local_government,14358.286,14958.928,-600.642,0,True
2022,regional_local_government,15612.797,15703.338,-90.541,0,True
2023,regional_local_government,17142.118,17385.113,-242.995,0,True
2024,regional_local_government,19397.8853,19141.996,255.889296,0,True
2025,regional_local_government,21913.97125,21284.229,629.7422505,0,True
1977,social_security_funds,311.3940057,315.2473942,-3.853388511,2.575717417e-14,True
1978,social_security_funds,394.8582208,361.6634003,33.19482048,2.131628207e-14,True
1979,social_security_funds,469.6633597,412.9853088,56.6780509,3.552713679e-14,True
1980,social_security_funds,614.056427,586.2957203,27.7607067,0,True
1981,social_security_funds,761.7620617,778.5373482,-16.77528656,-1.065814104e-14,True
1982,social_security_funds,997.1299195,979.260006,17.86991351,4.618527782e-14,True
1983,social_security_funds,1279.29936,1211.642443,67.65691683,0,True
1984,social_security_funds,1662.391084,1462.048794,200.3422901,1.136868377e-13,True
1985,social_security_funds,1970.467271,1808.769113,161.6981574,-1.98951966e-13,True
1986,social_security_funds,2783.756268,2440.658633,343.0976347,0,True
1987,social_security_funds,3263.492214,3100.365849,163.1263655,-1.421085472e-13,True
1988,social_security_funds,3822.339634,3590.770047,231.5695873,-2.842170943e-14,True
1989,social_security_funds,4471.060355,4184.640856,286.419499,-3.410605132e-13,True
1990,social_security_funds,5334.209653,5106.159918,228.0497351,-2.842170943e-14,True
1991,social_security_funds,6398.76174,6468.657517,-69.89577618,-6.394884622e-13,True
1992,social_security_funds,7933.604491,7752.84759,180.7569009,-1.98951966e-13,True
1993,social_security_funds,9436.877923,9210.394498,226.4834249,-9.379164112e-13,True
1994,social_security_funds,9564.043902,9842.430012,-278.3861104,-5.684341886e-13,True
1995,social_security_funds,10578.25315,10947.78854,-369.5353881,-1.705302566e-13,True
2000,social_security_funds,12106.05698,11949.031,157.0259787,0,True
2001,social_security_funds,12937.05786,13145.286,-208.2281407,0,True
2002,social_security_funds,14599.44217,13607.426,992.0161678,0,True
2003,social_security_funds,15170.99158,14764.625,406.3665819,0,True
2004,social_security_funds,16166.80832,15857.024,309.7843197,0,True
2005,social_security_funds,17460.82106,16948.209,512.6120555,0,True
2006,social_security_funds,18827.16464,18009.78783,817.3768087,0,True
2007,social_security_funds,20050.81801,18630.66228,1420.155727,0,True
2008,social_security_funds,21274.25123,19594.04133,1680.2099,0,True
2009,social_security_funds,21946.53685,21534.08,412.45685,0,True
2010,social_security_funds,23078.96619,22274.191,804.77519,0,True
2011,social_security_funds,22439.304,22000.332,438.972,0,True
2012,social_security_funds,23037.961,22724.076,313.885,0,True
2013,social_security_funds,23845.176,23497.336,347.84,0,True
2014,social_security_funds,23744.982,22937.346,807.636,0,True
2015,social_security_funds,24091.596,22963.062,1128.534,0,True
2016,social_security_funds,24800.032,23230.089,1569.943,0,True
2017,social_security_funds,25876.981,23634.427,2242.554,0,True
2018,social_security_funds,26675.139,24640.347,2034.792,0,True
2019,social_security_funds,28812.083,25836.613,2975.47,0,True
2020,social_security_funds,31320.77,29122.861,2197.909,0,True
2021,social_security_funds,32296.492,29828.175,2468.317,0,True
2022,social_security_funds,34723.692,30424.288,4299.404,0,True
2023,social_security_funds,37866.691,32146.532,5720.159,0,True
2024,social_security_funds,41762.66951,35732.114,6030.555507,0,True
2025,social_security_funds,45317.20816,38252.516,7064.692165,0,True
