year,general_government_balance_m_eur,central_government_balance_m_eur,regional_local_balance_m_eur,social_security_balance_m_eur,aggregate_change_m_eur,central_change_m_eur,regional_local_change_m_eur,ssf_change_m_eur,change_closure_error_m_eur,central_change_share_abs_aggregate_change,regional_local_change_share_abs_aggregate_change,ssf_change_share_abs_aggregate_change
1978,-279.7266063,-314.1618804,1.240453622,33.19482048,-131.9211155,-158.1685818,-10.80074268,37.04820899,3.694822226e-13,-1.198963344,-0.08187273613,0.2808360803
1979,-328.654052,-397.1589032,11.82680028,56.6780509,-48.92744566,-82.99702274,10.58634666,23.48323041,-4.263256415e-14,-1.696328546,0.2163682677,0.4799602779
1980,-624.8773436,-630.2308367,-22.40721362,27.7607067,-296.2232916,-233.0719335,-34.2340139,-28.9173442,-3.410605132e-13,-0.7868116388,-0.1155682719,-0.09762008937
1981,-1102.679869,-1015.533961,-70.3706218,-16.77528656,-477.8025258,-385.3031244,-47.96340819,-44.53599326,-7.958078641e-13,-0.8064066294,-0.1003833291,-0.09321004149
1982,-914.4823725,-828.5544937,-103.7977923,17.86991351,188.1974969,186.9794674,-33.42717052,34.64520007,2.842170943e-13,0.9935279184,-0.1776175085,0.1840895901
1983,-917.4949761,-889.0980178,-96.05387516,67.65691683,-3.012603648,-60.54352413,7.74391716,49.78700332,2.415845302e-13,-20.09674395,2.570506467,16.52623748
1984,-1707.653536,-1811.329632,-96.66619447,200.3422901,-790.1585603,-922.2316142,-0.6123193105,132.6853733,2.273736754e-12,-1.167147533,-0.0007749321987,0.1679224651
1985,-2119.106493,-2153.088671,-127.7159795,161.6981574,-411.4529563,-341.7590387,-31.04978502,-38.64413264,-3.296918294e-12,-0.8306151005,-0.07546375482,-0.09392114468
1986,-1485.619158,-1797.716503,-31.0002893,343.0976347,633.4873349,355.3721675,96.71569019,181.3994773,1.250555215e-12,0.5609775411,0.1526718608,0.2863505981
1987,-1639.7926,-1815.658264,12.73929829,163.1263655,-154.173442,-17.94176036,43.73958759,-179.9712692,3.126388037e-13,-0.1163738717,0.2837037756,-1.167329904
1988,-1123.735627,-1430.603745,75.29853054,231.5695873,516.0569727,385.0545186,62.55923225,68.44322184,-1.705302566e-12,0.7461473035,0.1212254374,0.1326272591
1989,-890.9146258,-1112.714857,-64.61926757,286.419499,232.8210014,317.8888878,-139.9177981,54.84991171,-5.400124792e-13,1.365378922,-0.600967255,0.2355883335
1990,-2526.252896,-2418.192656,-336.109975,228.0497351,-1635.33827,-1305.477799,-271.4907074,-58.36976387,1.591615728e-12,-0.7982922082,-0.166015015,-0.03569277681
1991,-3455.08098,-3255.183508,-130.0016959,-69.89577618,-928.8280843,-836.990852,206.108279,-297.9455113,4.547473509e-13,-0.901125694,0.2219014288,-0.3207757349
1992,-1908.269047,-2029.304875,-59.72107222,180.7569009,1546.811933,1225.878632,70.2806237,250.652677,1.818989404e-12,0.7925195081,0.04543579099,0.1620447009
1993,-4129.806417,-4086.624734,-269.6651071,226.4834249,-2221.53737,-2057.319859,-209.9440349,45.72652408,-1.818989404e-12,-0.926079339,-0.09450394025,0.02058327926
1994,-4456.856276,-4071.769574,-106.7005919,-278.3861104,-327.0498596,14.85516051,162.9645152,-504.8695353,-2.728484105e-12,0.04542169971,0.4982864551,-1.543708155
1995,-4611,-4235,66,-442,-154.1437238,-163.2304261,172.7005919,-163.6138896,3.041122909e-12,-1.058949544,1.12038679,-1.061437245
1996,-4470,-5091,-261,882,141,-856,-327,1324,0,-6.070921986,-2.319148936,9.390070922
1997,-3792,-4003,-413,624,678,1088,-152,-258,0,1.604719764,-0.2241887906,-0.3805309735
1998,-4886,-5382,412,84,-1094,-1379,825,-540,0,-1.260511883,0.7541133455,-0.4936014625
1999,-3626,-4079,279,174,1260,1303,-133,90,0,1.034126984,-0.1055555556,0.07142857143
2000,-4072,-3746,-483,157,-446,333,-762,-17,0,0.7466367713,-1.708520179,-0.03811659193
2001,-6438,-5695,-535,-208,-2366,-1949,-52,-365,0,-0.8237531699,-0.02197802198,-0.1542688081
2002,-4687,-5026,-653,992,1751,669,-118,1200,0,0.3820673901,-0.06739006282,0.6853226728
2003,-8325,-8041,-690,406,-3638,-3015,-37,-586,0,-0.8287520616,-0.01017042331,-0.1610775151
2004,-9443,-9227,-525,310,-1118,-1186,165,-96,-1,-1.060822898,0.1475849732,-0.08586762075
2005,-9719,-9655,-577,513,-276,-428,-52,203,1,-1.550724638,-0.1884057971,0.7355072464
2006,-6928,-7540,-206,817,2791,2115,371,304,1,0.7577929058,0.1329272662,0.1089215335
2007,-5045,-6000,-465,1420,1883,1540,-259,603,-1,0.8178438662,-0.1375464684,0.3202336697
2008,-6825,-7409,-1096,1680,-1780,-1409,-631,260,0,-0.7915730337,-0.354494382,0.1460674157
2009,-17321,-16348,-1385,412,-10496,-8939,-289,-1268,0,-0.8516577744,-0.02753429878,-0.1208079268
2010,-20537,-19799,-1543,805,-3216,-3451,-158,393,0,-1.073072139,-0.04912935323,0.1222014925
2011,-13624,-13862,-201,439,6913,5937,1342,-366,0,0.8588167221,0.1941270071,-0.05294372921
2012,-10453,-11603,835,314,3171,2259,1036,-125,1,0.7123935667,0.3267108168,-0.03941974141
2013,-8898,-9555,309,348,1555,2048,-526,34,-1,1.317041801,-0.3382636656,0.02186495177
2014,-12752,-14214,655,808,-3854,-4659,346,460,-1,-1.208873897,0.08977685522,0.1193565127
2015,-8026,-9931,776,1129,4726,4283,121,321,1,0.9062632247,0.02560304697,0.06792213288
2016,-3622,-6055,863,1570,4404,3876,87,441,0,0.8801089918,0.01975476839,0.1001362398
2017,-5870,-8460,348,2243,-2248,-2405,-515,673,-1,-1.069839858,-0.2290925267,0.2993772242
2018,-873,-3407,499,2035,4997,5053,151,-208,1,1.011206724,0.03021813088,-0.04162497498
2019,249,-3331,604,2975,1122,76,105,940,1,0.06773618538,0.0935828877,0.8377896613
2020,-11564,-13555,-207,2198,-11813,-10224,-811,-777,-1,-0.8654871751,-0.0686531787,-0.06577499365
2021,-6117,-7985,-601,2468,5447,5570,-394,270,1,1.022581237,-0.07233339453,0.04956856985
2022,-757,-4966,-91,4299,5360,3019,510,1831,0,0.5632462687,0.09514925373,0.3416044776
2023,3030,-2447,-243,5720,3787,2519,-152,1421,-1,0.6651703195,-0.04013731186,0.3752310536
2024,1863,-4424,256,6031,-1167,-1977,499,311,0,-1.694087404,0.4275921165,0.2664952871
2025,2059,-5636,630,7065,196,-1212,374,1034,0,-6.183673469,1.908163265,5.275510204
