year,sector,balance_m_eur,gfcf_m_eur,nominal_gdp_m_eur,balance_before_gfcf_m_eur,gfcf_pct_gdp,balance_before_gfcf_pct_gdp,gfcf_share_abs_balance
1977,central_government,-155.9932986,64.76560489,3602.601334,-91.22769372,1.797745542,-2.532272801,0.4151819692
1978,central_government,-314.1618804,89.38349578,4456.083151,-224.7783847,2.00587585,-5.04430409,0.2845141354
1979,central_government,-397.1589032,116.6928552,5665.868483,-280.466048,2.059575784,-4.950098097,0.293819059
1980,central_government,-630.2308367,153.8603017,7363.833272,-476.370535,2.089405015,-6.469056501,0.2441332488
1981,central_government,-1015.533961,245.2321854,8847.305645,-770.3017756,2.771829021,-8.70662557,0.2414810285
1982,central_government,-828.5544937,215.1781157,10698.31816,-613.3763779,2.011326571,-5.733390696,0.2597030339
1983,central_government,-889.0980178,264.3658152,13668.75365,-624.7322025,1.934088668,-4.570513294,0.2973415866
1984,central_government,-1811.329632,303.1927855,16785.04216,-1508.136847,1.80632722,-8.985004816,0.1673868633
1985,central_government,-2153.088671,338.8909777,20605.41146,-1814.197693,1.644669792,-8.80447205,0.1573975946
1986,central_government,-1797.716503,435.9144462,25181.81629,-1361.802057,1.731068328,-5.407878612,0.2424823076
1987,central_government,-1815.658264,562.4993765,29670.65301,-1253.158887,1.895810572,-4.223563555,0.309804652
1988,central_government,-1430.603745,680.1308846,35416.43021,-750.4728604,1.920382378,-2.118996342,0.4754152832
1989,central_government,-1112.714857,685.0240919,41841.30823,-427.6907653,1.637195683,-1.022173501,0.6156330955
1990,central_government,-2418.192656,881.9245618,50239.23883,-1536.268094,1.755449689,-3.057904797,0.3647040114
1991,central_government,-3255.183508,957.4176235,57608.07092,-2297.765884,1.661950501,-3.988617997,0.294120937
1992,central_government,-2029.304875,1316.422422,64765.86489,-712.8824533,2.032586802,-1.100707069,0.6487060855
1993,central_government,-4086.624734,1392.234714,67733.29321,-2694.39002,2.055465855,-3.977940378,0.3406808319
1994,central_government,-4071.769574,1514.931055,73437.83279,-2556.838519,2.062875492,-3.481636674,0.3720571676
1995,central_government,-4220.739214,1771.096353,79373.07522,-2449.642861,2.231356601,-3.086239073,0.4196175749
2000,central_government,-3803.951523,3108.227,128414.445,-695.7245226,2.420465237,-0.5417805782,0.8171047874
2001,central_government,-5760.697099,3499.549,135775.009,-2261.148099,2.577461807,-1.665363984,0.6074870697
2002,central_government,-5092.811492,3299.391,142554.263,-1793.420492,2.314480767,-1.258061635,0.6478525674
2003,central_government,-7977.537848,3264.09,146067.858,-4713.447848,2.234639465,-3.226889141,0.409160077
2004,central_government,-9198.766025,3716.768,152248.388,-5481.998025,2.441252777,-3.600693641,0.4040507161
2005,central_government,-9655.358061,3222.936,158552.704,-6432.422061,2.032722192,-4.056961438,0.3337976676
2006,central_government,-7562.211624,3066.459,166260.469,-4495.752624,1.844370474,-2.704041827,0.4054976444
2007,central_government,-6042.742376,2935.455,175483.401,-3107.287376,1.672782145,-1.770701593,0.4857819211
2008,central_government,-7409.193381,3518.369,179102.781,-3890.824381,1.9644413,-2.172397525,0.4748653219
2009,central_government,-16348.44768,4288.345,175416.437,-12060.10268,2.444665433,-6.875126919,0.2623090023
2010,central_government,-19798.95254,6504.183,179860.351,-13294.76954,3.61624058,-7.391717778,0.3285114698
2011,central_government,-13861.84618,3741.264,176318.001,-10120.58218,2.121884311,-5.739959686,0.2698965168
2012,central_government,-11602.66901,2441.666,168538.75,-9161.00301,1.448726776,-5.435547024,0.2104400287
2013,central_government,-9555.209,1827.397,170675.649,-7727.812,1.070684079,-4.527776543,0.1912461569
2014,central_government,-14213.929,1924.95,173186.662,-12288.979,1.111488597,-7.095799906,0.1354270167
2015,central_government,-9930.804996,2316.162,179392.709,-7614.642996,1.291112673,-4.24467808,0.2332300353
2016,central_government,-6055.02166,1463.449,186380.749,-4591.57266,0.7851932176,-2.463544483,0.2416917861
2017,central_government,-8460.11106,1600.032,195509.136,-6860.07906,0.8183924459,-3.508827874,0.1891265952
2018,central_government,-3406.858,1959.2,204997.646,-1447.658,0.9557182915,-0.7061827432,0.5750753333
2019,central_government,-3330.917,2017.132,214489.895,-1313.785,0.9404321821,-0.6125160348,0.6055785839
2020,central_government,-13554.616,2389.583,201032.705,-11165.033,1.188653856,-5.553839113,0.1762929322
2021,central_government,-7984.724,2628.291,216493.745,-5356.433,1.214026299,-2.474174485,0.3291649154
2022,central_government,-4966.135,3080.859,243957.084,-1885.276,1.262869251,-0.7727900207,0.6203735903
2023,central_government,-2447.446,3693.686,270352.615,1246.24,1.366247558,0.4609683542,1.509200203
2024,central_government,-4423.92745,4608.535,289784.317,184.60755,1.590332785,0.06370515558,1.041729335
2025,central_government,-5635.804633,4828.262,306765.485,-807.5426328,1.573926089,-0.2632442932,0.8567120961
1977,general_government,-147.8054908,105.645225,3602.601334,-42.16026581,2.932470601,-1.170272864,0.7147584601
1978,general_government,-279.7266063,145.9561752,4456.083151,-133.7704311,3.275436528,-3.001973404,0.5217815251
1979,general_government,-328.654052,217.7324356,5665.868483,-110.9216164,3.842878391,-1.957716045,0.6624973412
1980,general_government,-624.8773436,309.9177208,7363.833272,-314.9596228,4.208646629,-4.277115073,0.4959656866
1981,general_government,-1102.679869,471.2225187,8847.305645,-631.4573507,5.32616977,-7.137284231,0.4273429957
1982,general_government,-914.4823725,480.4828164,10698.31816,-433.9995561,4.491199545,-4.056708257,0.5254150664
1983,general_government,-917.4949761,532.1877893,13668.75365,-385.3071868,3.893462441,-2.818890418,0.5800443633
1984,general_government,-1707.653536,586.4447482,16785.04216,-1121.208788,3.493853293,-6.679809186,0.3434213883
1985,general_government,-2119.106493,672.8801638,20605.41146,-1446.226329,3.265550727,-7.018672409,0.3175301317
1986,general_government,-1485.619158,786.8586706,25181.81629,-698.7604872,3.124709757,-2.774861349,0.5296503256
1987,general_government,-1639.7926,979.828613,29670.65301,-659.9639868,3.302349337,-2.224298827,0.5975320374
1988,general_government,-1123.735627,1251.593659,35416.43021,127.8580321,3.533935103,0.3610133246,1.113779459
1989,general_government,-890.9146258,1394.778584,41841.30823,503.8639579,3.333496591,1.204226109,1.565558072
1990,general_government,-2526.252896,1629.757285,50239.23883,-896.4956106,3.243992789,-1.784453012,0.6451283194
1991,general_government,-3455.08098,1928.811564,57608.07092,-1526.269416,3.348162043,-2.649402057,0.5582536489
1992,general_government,-1908.269047,2435.699963,64765.86489,527.4309165,3.760777328,0.8143655881,1.276392324
1993,general_government,-4129.806417,2731.591864,67733.29321,-1398.214553,4.032864392,-2.064294362,0.6614333913
1994,general_government,-4456.856276,2686.964416,73437.83279,-1769.89186,3.658828581,-2.41005459,0.6028833441
1995,general_government,-4610.502,3924.865,89028.557,-685.637,4.408546125,-0.7701315433,0.8512879942
1996,general_government,-4470.056,4593.947,94351.591,123.891,4.868966121,0.1313078017,1.02771576
1997,general_government,-3791.98036,5699.517,102330.96,1907.53664,5.56968976,1.864085551,1.503044968
1998,general_government,-4885.675827,5681.106,111353.381,795.430173,5.101871132,0.7143296107,1.162808627
1999,general_government,-3625.76954,5903.716,119603.305,2277.94646,4.936080989,1.904584877,1.628265651
2000,general_government,-4072.15969,5916.698,128414.445,1844.53831,4.607501905,1.436394722,1.452963157
2001,general_government,-6437.796655,6833.723,135775.009,395.926345,5.033122848,0.2916047275,1.061500287
2002,general_government,-4686.565605,6568.601,142554.263,1882.035395,4.607789947,1.320223861,1.401580934
2003,general_government,-8325.04039,6392.525,146067.858,-1932.51539,4.37640771,-1.323025761,0.7678671454
2004,general_government,-9442.835742,6755.107,152248.388,-2687.728742,4.436898866,-1.765357767,0.7153684745
2005,general_government,-9719.293373,6468.049,158552.704,-3251.244373,4.079431531,-2.050576427,0.6654855196
2006,general_government,-6928.081031,5579.673,166260.469,-1348.408031,3.355982955,-0.8110214287,0.8053706322
2007,general_government,-5045.227633,5644.674,175483.401,599.446367,3.216642695,0.3415971902,1.118814533
2008,general_government,-6825.105171,6650.743,179102.781,-174.362171,3.713366684,-0.09735313434,0.9744528228
2009,general_government,-17321.0278,7205.483,175416.437,-10115.5448,4.107644143,-5.766588909,0.4159962725
2010,general_government,-20537.13569,9478.734,179860.351,-11058.40169,5.270051986,-6.148326537,0.4615411878
2011,general_government,-13624.04418,6139.764,176318.001,-7484.280177,3.482210532,-4.244762381,0.4506564953
2012,general_government,-10453.47442,4158.645,168538.75,-6294.82942,2.467471131,-3.734944884,0.3978241906
2013,general_government,-8898.289,3721.199,170675.649,-5177.09,2.180275289,-3.033291527,0.4181926436
2014,general_government,-12751.535,3449.285,173186.662,-9302.25,1.991657418,-5.371227722,0.2704995908
2015,general_government,-8025.985998,4042.64,179392.709,-3983.345998,2.253514105,-2.220461478,0.5036938765
2016,general_government,-3622.06066,2890.007,186380.749,-732.05366,1.550593082,-0.392773215,0.7978902816
2017,general_government,-5869.55706,3497.327,195509.136,-2372.23006,1.788830472,-1.213360208,0.5958417244
2018,general_government,-872.825,3797.173,204997.646,2924.348,1.852300782,1.4265276,4.350440237
2019,general_government,248.993,3962.058,214489.895,4211.051,1.847200308,1.963286429,15.91232685
2020,general_government,-11563.868,4645.363,201032.705,-6918.505,2.310749885,-3.44148232,0.4017135962
2021,general_government,-6117.049,5589.308,216493.745,-527.741,2.581741103,-0.2437673199,0.9137262101
2022,general_government,-757.272,5806.512,243957.084,5049.24,2.380136664,2.06972469,7.667670269
2023,general_government,3029.718,6940.194,270352.615,9969.912,2.567089651,3.687743875,2.290706264
2024,general_government,1862.517353,7880.784,289784.317,9743.301353,2.719534336,3.362259716,4.231254
2025,general_government,2058.629783,9167.014,306765.485,11225.64378,2.988280771,3.659356848,4.452968706
1977,regional_local_government,12.0411963,38.58514979,3602.601334,50.62634609,1.071035794,1.405271952,3.204428266
1978,regional_local_government,1.240453622,53.49010847,4456.083151,54.73056209,1.200383984,1.228221293,43.1214094
1979,regional_local_government,11.82680028,98.04180505,5665.868483,109.8686053,1.730393237,1.939130879,8.289799666
1980,regional_local_government,-22.40721362,151.9722643,7363.833272,129.5650507,2.063765687,1.759478331,6.782291942
1981,regional_local_government,-70.3706218,222.8977863,8847.305645,152.5271645,2.519386074,1.723995651,3.167483541
1982,regional_local_government,-103.7977923,264.7709869,10698.31816,160.9731946,2.474884211,1.504658884,2.550834473
1983,regional_local_government,-96.05387516,263.0434902,13668.75365,166.989615,1.924414596,1.221688673,2.738499511
1984,regional_local_government,-96.66619447,277.6255225,16785.04216,180.959328,1.654005512,1.07809874,2.872002193
1985,regional_local_government,-127.7159795,328.6171327,20605.41146,200.9011532,1.594809855,0.9749921937,2.573030673
1986,regional_local_government,-31.0002893,340.6989156,25181.81629,309.6986263,1.352956084,1.229850233,10.99018504
1987,regional_local_government,12.73929829,403.1683642,29670.65301,415.9076625,1.358811901,1.401747587,31.64761159
1988,regional_local_government,75.29853054,554.8927086,35416.43021,630.1912391,1.566766344,1.779375379,7.369236884
1989,regional_local_government,-64.61926757,690.8051596,41841.30823,626.185892,1.651012334,1.496573407,10.69038981
1990,regional_local_government,-336.109975,732.6592911,50239.23883,396.5493161,1.458340748,0.7893219034,2.179820135
1991,regional_local_government,-130.0016959,953.0830698,57608.07092,823.0813739,1.654426289,1.42876052,7.331312589
1992,regional_local_government,-59.72107222,1114.803324,64765.86489,1055.082252,1.721282231,1.629071508,18.66683371
1993,regional_local_government,-269.6651071,1337.87572,67733.29321,1068.210612,1.975211386,1.577083531,4.961248913
1994,regional_local_government,-106.7005919,1165.224549,73437.83279,1058.523957,1.586681557,1.441387793,10.92050689
1995,regional_local_government,32.57930034,1225.37902,79373.07522,1257.95832,1.543822029,1.584867812,37.6121957
2000,regional_local_government,-483.1421419,2732.644,128414.445,2249.501858,2.127988016,1.751751416,5.655983536
2001,regional_local_government,-534.5154155,3227.778,135775.009,2693.262584,2.377299051,1.983621732,6.038699552
2002,regional_local_government,-652.5082811,3197.352,142554.263,2544.843719,2.242901708,1.785175459,4.900094133
2003,regional_local_government,-690.4891224,3082.506,146067.858,2392.016878,2.110324641,1.637606596,4.464235424
2004,regional_local_government,-525.3840396,2995.226,152248.388,2469.84196,1.967328547,1.622245065,5.70102206
2005,regional_local_government,-577.0363721,3213.717,158552.704,2636.680628,2.026907721,1.662967935,5.5693491
2006,regional_local_government,-205.6712154,2478.149,166260.469,2272.477785,1.49052208,1.36681786,12.04908035
2007,regional_local_government,-465.0689843,2691.486,175483.401,2226.417016,1.533755321,1.268733682,5.787283372
2008,regional_local_government,-1096.12161,3104.281,179102.781,2008.15939,1.733239977,1.121232947,2.832058936
2009,regional_local_government,-1385.03697,2883.798,175416.437,1498.76103,1.643972509,0.8544017058,2.082109043
2010,regional_local_government,-1542.95834,2957.207,179860.351,1414.24866,1.644168369,0.7863037363,1.916582531
2011,regional_local_government,-201.17,2372.767,176318.001,2171.597,1.345731568,1.231636581,11.79483521
2012,regional_local_government,835.30959,1687.776,168538.75,2523.08559,1.001417182,1.497035898,2.020539474
2013,regional_local_government,309.08,1873.883,170675.649,2182.963,1.097920536,1.279012567,6.062776627
2014,regional_local_government,654.758,1500.754,173186.662,2155.512,0.8665528758,1.244617787,2.292074324
2015,regional_local_government,776.285,1711.352,179392.709,2487.637,0.953969651,1.386699055,2.204540858
2016,regional_local_government,863.018,1432.987,186380.749,2296.005,0.7688492549,1.231889566,1.660436978
2017,regional_local_government,348,1876.356,195509.136,2224.356,0.9597280405,1.137724838,5.391827586
2018,regional_local_government,499.241,1769.23,204997.646,2268.471,0.8630489347,1.106583926,3.543839548
2019,regional_local_government,604.44,1964.972,214489.895,2569.412,0.9161140202,1.197917506,3.250896698
2020,regional_local_government,-207.161,2218.605,201032.705,2011.444,1.103604013,1.000555606,10.70956889
2021,regional_local_government,-600.642,2914.82,216493.745,2314.178,1.346376081,1.068935271,4.852840794
2022,regional_local_government,-90.541,2673.247,243957.084,2582.706,1.095785765,1.05867227,29.5252648
2023,regional_local_government,-242.995,3185.412,270352.615,2942.417,1.178243458,1.088362693,13.10896109
2024,regional_local_government,255.889296,3195.902,289784.317,3451.791296,1.102855404,1.191158767,12.48939307
2025,regional_local_government,629.7422505,4236.387,306765.485,4866.129251,1.380985543,1.586270128,6.727176073
1977,social_security_funds,-3.853388511,2.294470327,3602.601334,-1.558918184,0.06368926544,-0.04327201484,0.5954422504
1978,social_security_funds,33.19482048,3.082571004,4456.083151,36.27739149,0.06917669395,0.8141093928,0.09286301173
1979,social_security_funds,56.6780509,2.997775361,5665.868483,59.67582626,0.05290937074,1.053251173,0.05289129238
1980,social_security_funds,27.7607067,4.085154777,7363.833272,31.84586147,0.05547592709,0.4324630976,0.147156008
1981,social_security_funds,-16.77528656,3.092546962,8847.305645,-13.6827396,0.03495467531,-0.1546543111,0.1843513642
1982,social_security_funds,17.86991351,0.5337137499,10698.31816,18.40362726,0.004988763112,0.1720235553,0.02986661069
1983,social_security_funds,67.65691683,4.778483854,13668.75365,72.43540068,0.03495917754,0.529934203,0.07062816454
1984,social_security_funds,200.3422901,5.626440279,16785.04216,205.9687304,0.03352056089,1.22709689,0.02808413679
1985,social_security_funds,161.6981574,5.372053351,20605.41146,167.0702108,0.02607108022,0.8108074479,0.03322272459
1986,social_security_funds,343.0976347,10.24530881,25181.81629,353.3429435,0.04068534489,1.403167029,0.029861205
1987,social_security_funds,163.1263655,14.1608723,29670.65301,177.2872378,0.0477268643,0.5975171416,0.08680921847
1988,social_security_funds,231.5695873,16.57006614,35416.43021,248.1396534,0.04678638147,0.7006342875,0.0715554505
1989,social_security_funds,286.419499,18.94933211,41841.30823,305.3688311,0.04528857465,0.729826203,0.06615936476
1990,social_security_funds,228.0497351,15.17343203,50239.23883,243.2231672,0.03020235255,0.484129881,0.06653562662
1991,social_security_funds,-69.89577618,18.3108708,57608.07092,-51.58490538,0.0317852525,-0.08954458039,0.2619739246
1992,social_security_funds,180.7569009,4.474217137,64765.86489,185.231118,0.006908295202,0.2860011494,0.02475267675
1993,social_security_funds,226.4834249,1.481429754,67733.29321,227.9648547,0.002187151523,0.3365624848,0.006541007381
1994,social_security_funds,-278.3861104,6.808811891,73437.83279,-271.5772985,0.009271531623,-0.3698057093,0.0244581595
1995,social_security_funds,-369.5353881,8.976487804,79373.07522,-360.5589003,0.01130923525,-0.4542584488,0.0242912806
2000,social_security_funds,157.0259787,75.827,128414.445,232.8529787,0.05904865298,0.1813292724,0.4828946178
2001,social_security_funds,-208.2281407,106.396,135775.009,-101.8321407,0.07836199075,-0.07500065102,0.5109587957
2002,social_security_funds,992.0161678,71.858,142554.263,1063.874168,0.05040747186,0.7462941798,0.07243631942
2003,social_security_funds,406.3665819,45.929,146067.858,452.2955819,0.03144360479,0.3096475762,0.1130235655
2004,social_security_funds,309.7843197,43.113,152248.388,352.8973197,0.0283175412,0.2317905131,0.1391710208
2005,social_security_funds,512.6120555,31.396,158552.704,544.0080555,0.01980161751,0.3431086584,0.06124709644
2006,social_security_funds,817.3768087,35.065,166260.469,852.4418087,0.02109040123,0.5127146662,0.04289943099
2007,social_security_funds,1420.155727,17.733,175483.401,1437.888727,0.01010522927,0.8193873145,0.0124866588
2008,social_security_funds,1680.2099,28.093,179102.781,1708.3029,0.01568540692,0.9538114877,0.01671993481
2009,social_security_funds,412.45685,33.34,175416.437,445.79685,0.01900620066,0.2541363042,0.08083269801
2010,social_security_funds,804.77519,17.344,179860.351,822.11919,0.009643036891,0.4570875045,0.0215513602
2011,social_security_funds,438.972,25.733,176318.001,464.705,0.01459465276,0.263560724,0.058621051
2012,social_security_funds,313.885,29.203,168538.75,343.088,0.01732717253,0.2035662422,0.09303725887
2013,social_security_funds,347.84,19.919,170675.649,367.759,0.01167067482,0.2154724486,0.05726483441
2014,social_security_funds,807.636,23.581,173186.662,831.217,0.01361594463,0.4799543974,0.0291975593
2015,social_security_funds,1128.534,15.126,179392.709,1143.66,0.008431780803,0.6375175482,0.01340322932
2016,social_security_funds,1569.943,-6.429,186380.749,1563.514,-0.003449390581,0.8388817023,-0.004095053133
2017,social_security_funds,2242.554,20.939,195509.136,2263.493,0.01070998544,1.157742828,0.009337121871
2018,social_security_funds,2034.792,68.743,204997.646,2103.535,0.0335335558,1.026126417,0.03378379707
2019,social_security_funds,2975.47,-20.046,214489.895,2955.424,-0.009345894826,1.377884958,-0.006737086914
2020,social_security_funds,2197.909,37.175,201032.705,2235.084,0.01849201601,1.111801187,0.01691380307
2021,social_security_funds,2468.317,46.197,216493.745,2514.514,0.02133872274,1.161471894,0.0187159915
2022,social_security_funds,4299.404,52.406,243957.084,4351.81,0.02148164716,1.78384244,0.01218913133
2023,social_security_funds,5720.159,61.096,270352.615,5781.255,0.02259863475,2.138412828,0.01068082198
2024,social_security_funds,6030.555507,76.347,289784.317,6106.902507,0.02634614626,2.107395794,0.01266002774
2025,social_security_funds,7064.692165,102.365,306765.485,7167.057165,0.03336913864,2.336331014,0.01448966177
