year,sector,balance_m_eur,interest_m_eur,primary_balance_m_eur,nominal_gdp_m_eur,statistical_regime,primary_balance_recomputed_m_eur,primary_balance_identity_error_m_eur,interest_pct_gdp,primary_balance_pct_gdp
1977,central_government,-155.9932986,51.25931365,-104.733985,3602.601334,historical_long_series,-104.733985,0,1.422841688,-2.907176655
1978,central_government,-314.1618804,102.5646776,-211.5972029,4456.083151,historical_long_series,-211.5972029,0,2.301677821,-4.748502119
1979,central_government,-397.1589032,140.9505114,-256.2083917,5665.868483,historical_long_series,-256.2083917,0,2.487712375,-4.521961505
1980,central_government,-630.2308367,192.2446096,-437.9862271,7363.833272,historical_long_series,-437.9862271,0,2.610659455,-5.947802061
1981,central_government,-1015.533961,401.8760659,-613.6578952,8847.305645,historical_long_series,-613.6578952,0,4.542355402,-6.936099189
1982,central_government,-828.5544937,531.4621951,-297.0922986,10698.31816,historical_long_series,-297.0922986,0,4.967717235,-2.777000031
1983,central_government,-889.0980178,772.0899292,-117.0080886,13668.75365,historical_long_series,-117.0080886,0,5.648575936,-0.8560260257
1984,central_government,-1811.329632,1077.601327,-733.7283049,16785.04216,historical_long_series,-733.7283049,0,6.420009654,-4.371322382
1985,central_government,-2153.088671,1518.736302,-634.3523683,20605.41146,historical_long_series,-634.3523683,0,7.37057013,-3.078571712
1986,central_government,-1797.716503,1946.772778,149.0562744,25181.81629,historical_long_series,149.0562744,0,7.730867208,0.5919202677
1987,central_government,-1815.658264,2194.924731,379.2664678,29670.65301,historical_long_series,379.2664678,0,7.397628663,1.278254536
1988,central_government,-1430.603745,2282.994483,852.3907383,35416.43021,historical_long_series,852.3907383,0,6.446145109,2.406766389
1989,central_government,-1112.714857,2563.613192,1450.898335,41841.30823,historical_long_series,1450.898335,0,6.126991007,3.467621823
1990,central_government,-2418.192656,3665.15747,1246.964815,50239.23883,historical_long_series,1246.964815,0,7.295408044,2.482053558
1991,central_government,-3255.183508,4291.924961,1036.741453,57608.07092,historical_long_series,1036.741453,0,7.450214687,1.799646189
1992,central_government,-2029.304875,4397.971389,2368.666514,64765.86489,historical_long_series,2368.666514,0,6.790569996,3.657276125
1993,central_government,-4086.624734,3998.197843,-88.42689119,67733.29321,historical_long_series,-88.42689119,0,5.902854643,-0.1305515899
1994,central_government,-4071.769574,4365.978492,294.208918,73437.83279,historical_long_series,294.208918,0,5.94513526,0.4006230941
1995,central_government,-4220.739214,4790.097365,569.3581515,79373.07522,historical_long_series,569.3581515,0,6.034914676,0.7173190026
2000,central_government,-3803.951523,3773.532,-30.41952261,128414.445,esa2010_modern,-30.41952261,0,2.938557263,-0.02368855202
2001,central_government,-5760.697099,3934.36,-1826.337099,135775.009,esa2010_modern,-1826.337099,0,2.897705571,-1.345120219
2002,central_government,-5092.811492,4027.898,-1064.913492,142554.263,esa2010_modern,-1064.913492,0,2.82551915,-0.7470232523
2003,central_government,-7977.537848,3878.223,-4099.314848,146067.858,esa2010_modern,-4099.314848,0,2.655083092,-2.806445514
2004,central_government,-9198.766025,3890.581572,-5308.184453,152248.388,esa2010_modern,-5308.184453,0,2.555417252,-3.486529166
2005,central_government,-9655.358061,4057.56851,-5597.789551,158552.704,esa2010_modern,-5597.789551,0,2.559129178,-3.530554453
2006,central_government,-7562.211624,4568.300725,-2993.910899,166260.469,esa2010_modern,-2993.910899,0,2.747677035,-1.800735266
2007,central_government,-6042.742376,5077.150247,-965.592129,175483.401,esa2010_modern,-965.592129,0,2.89323675,-0.5502469883
2008,central_government,-7409.193381,5412.715803,-1996.477578,179102.781,esa2010_modern,-1996.477578,0,3.022128285,-1.11471054
2009,central_government,-16348.44768,5169.892,-11178.55568,175416.437,esa2010_modern,-11178.55568,0,2.9472107,-6.372581653
2010,central_government,-19798.95254,5376.152,-14422.80054,179860.351,esa2010_modern,-14422.80054,0,2.989070115,-8.018888243
2011,central_government,-13861.84618,7611.46947,-6250.376707,176318.001,esa2010_modern,-6250.376707,0,4.316898687,-3.54494531
2012,central_government,-11602.66901,8230.15744,-3372.51157,168538.75,esa2010_modern,-3372.51157,0,4.883243432,-2.001030368
2013,central_government,-9555.209,8177.209,-1378,170675.649,esa2010_modern,-1378,0,4.79108124,-0.8073793819
2014,central_government,-14213.929,8407.811,-5806.118,173186.662,esa2010_modern,-5806.118,0,4.854768204,-3.3525203
2015,central_government,-9930.804996,8300.440999,-1630.363997,179392.709,esa2010_modern,-1630.363997,0,4.626966751,-0.9088240019
2016,central_government,-6055.02166,7901.018,1845.99634,186380.749,esa2010_modern,1845.99634,0,4.239181376,0.9904436751
2017,central_government,-8460.11106,7594.612,-865.49906,195509.136,esa2010_modern,-865.49906,0,3.884530491,-0.4426898291
2018,central_government,-3406.858,7100.761,3693.903,204997.646,esa2010_modern,3693.903,0,3.463825629,1.801924594
2019,central_government,-3330.917,6515.567,3184.65,214489.895,esa2010_modern,3184.65,0,3.037703478,1.484755261
2020,central_government,-13554.616,5962.874,-7591.742,201032.705,esa2010_modern,-7591.742,0,2.966121358,-3.776371611
2021,central_government,-7984.724,5357.947,-2626.777,216493.745,esa2010_modern,-2626.777,0,2.474873812,-1.213326972
2022,central_government,-4966.135,4878.333,-87.802,243957.084,esa2010_modern,-87.802,0,1.999668515,-0.03599075647
2023,central_government,-2447.446,5796.824,3349.378,270352.615,esa2010_modern,3349.378,0,2.144171603,1.2388924
2024,central_government,-4423.92745,6281.088,1857.16055,289784.317,esa2010_modern,1857.16055,0,2.167504462,0.6408768319
2025,central_government,-5635.804633,6364.266,728.4613672,306765.485,esa2010_modern,728.4613672,0,2.074635613,0.2374652309
1977,general_government,-147.8054908,52.9733578,-94.83213301,3602.601334,historical_long_series,-94.83213301,0,1.470419646,-2.632323819
1978,general_government,-279.7266063,104.8028928,-174.9237136,4456.083151,historical_long_series,-174.9237136,0,2.351906129,-3.925503803
1979,general_government,-328.654052,140.9989147,-187.6551373,5665.868483,historical_long_series,-187.6551373,0,2.488566671,-3.312027765
1980,general_government,-624.8773436,193.7739514,-431.1033922,7363.833272,historical_long_series,-431.1033922,0,2.631427739,-5.854333963
1981,general_government,-1102.679869,404.6232502,-698.0566192,8847.305645,historical_long_series,-698.0566192,0,4.573406485,-7.890047515
1982,general_government,-914.4823725,548.193358,-366.2890145,10698.31816,historical_long_series,-366.2890145,0,5.124107826,-3.423799976
1983,general_government,-917.4949761,805.9703424,-111.5246337,13668.75365,historical_long_series,-111.5246337,0,5.896443548,-0.8159093112
1984,general_government,-1707.653536,1111.128801,-596.5247355,16785.04216,historical_long_series,-596.5247355,0,6.619755794,-3.553906685
1985,general_government,-2119.106493,1557.646858,-561.4596348,20605.41146,historical_long_series,-561.4596348,0,7.559406717,-2.724816419
1986,general_government,-1485.619158,1977.613452,491.9942938,25181.81629,historical_long_series,491.9942938,0,7.853339207,1.953768101
1987,general_government,-1639.7926,2279.356251,639.5636516,29670.65301,historical_long_series,639.5636516,0,7.682191055,2.155542891
1988,general_government,-1123.735627,2322.19501,1198.459383,35416.43021,historical_long_series,1198.459383,0,6.556829688,3.383907909
1989,general_government,-890.9146258,2595.022496,1704.10787,41841.30823,historical_long_series,1704.10787,0,6.202058697,4.072788214
1990,general_government,-2526.252896,3963.847627,1437.594732,50239.23883,historical_long_series,1437.594732,0,7.889943637,2.861497836
1991,general_government,-3455.08098,4425.697569,970.616589,57608.07092,historical_long_series,970.616589,0,7.682426261,1.684862162
1992,general_government,-1908.269047,4569.887072,2661.618026,64765.86489,historical_long_series,2661.618026,0,7.056011805,4.109600065
1993,general_government,-4129.806417,4164.781377,34.97496035,67733.29321,historical_long_series,34.97496035,0,6.148795045,0.05163629094
1994,general_government,-4456.856276,4531.953492,75.09721593,73437.83279,historical_long_series,75.09721593,0,6.171142747,0.1022595753
1995,general_government,-4610.502,4928.907,318.405,89028.557,esa2010_modern,318.405,0,5.53632134,0.3576436716
1996,general_government,-4470.056,4556.236,86.18,94351.591,esa2010_modern,86.18,0,4.828997531,0.09133921229
1997,general_government,-3791.98036,3920.879,128.89864,102330.96,esa2010_modern,128.89864,0,3.831566713,0.1259625044
1998,general_government,-4885.675827,3496.368,-1389.307827,111353.381,esa2010_modern,-1389.307827,0,3.139884904,-1.247656618
1999,general_government,-3625.76954,3523.04,-102.72954,119603.305,esa2010_modern,-102.72954,0,2.945604221,-0.0858918907
2000,general_government,-4072.15969,3861.9,-210.25969,128414.445,esa2010_modern,-210.25969,0,3.007371951,-0.1637352324
2001,general_government,-6437.796655,4057.376,-2380.420655,135775.009,esa2010_modern,-2380.420655,0,2.988308401,-1.75320972
2002,general_government,-4686.565605,4042.533,-644.032605,142554.263,esa2010_modern,-644.032605,0,2.835785416,-0.4517806704
2003,general_government,-8325.04039,3883.13,-4441.91039,146067.858,esa2010_modern,-4441.91039,0,2.658442489,-3.040990982
2004,general_government,-9442.835742,3908.81757,-5534.018172,152248.388,esa2010_modern,-5534.018172,0,2.567395045,-3.634861587
2005,general_government,-9719.293373,4071.33851,-5647.954863,158552.704,esa2010_modern,-5647.954863,0,2.567813987,-3.562193971
2006,general_government,-6928.081031,4626.24003,-2301.841001,166260.469,esa2010_modern,-2301.841001,0,2.78252555,-1.384478833
2007,general_government,-5045.227633,5205.107881,159.880248,175483.401,esa2010_modern,159.880248,0,2.966153979,0.09110847356
2008,general_government,-6825.105171,5572.849633,-1252.255538,179102.781,esa2010_modern,-1252.255538,0,3.111537187,-0.6991826319
2009,general_government,-17321.0278,5230.123,-12090.9048,175416.437,esa2010_modern,-12090.9048,0,2.981546706,-6.892686345
2010,general_government,-20537.13569,5245.475,-15291.66069,179860.351,esa2010_modern,-15291.66069,0,2.916415414,-8.501963109
2011,general_government,-13624.04418,7521.56047,-6102.483707,176318.001,esa2010_modern,-6102.483707,0,4.265906162,-3.46106675
2012,general_government,-10453.47442,8136.94544,-2316.52898,168538.75,esa2010_modern,-2316.52898,0,4.827937457,-1.374478558
2013,general_government,-8898.289,8139.253,-759.036,170675.649,esa2010_modern,-759.036,0,4.768842566,-0.44472425
2014,general_government,-12751.535,8334.364,-4417.171,173186.662,esa2010_modern,-4417.171,0,4.812359049,-2.550526091
2015,general_government,-8025.985998,8132.838999,106.853001,179392.709,esa2010_modern,106.853001,0,4.53353932,0.05956373678
2016,general_government,-3622.06066,7633.305,4011.24434,186380.749,esa2010_modern,4011.24434,0,4.095543687,2.15217739
2017,general_government,-5869.55706,7299.371,1429.81394,195509.136,esa2010_modern,1429.81394,0,3.733519133,0.7313284531
2018,general_government,-872.825,6805.846,5933.021,204997.646,esa2010_modern,5933.021,0,3.319963001,2.894189819
2019,general_government,248.993,6226.933,6475.926,214489.895,esa2010_modern,6475.926,0,2.903135833,3.019221954
2020,general_government,-11563.868,5697.126,-5866.742,201032.705,esa2010_modern,-5866.742,0,2.833929932,-2.918302273
2021,general_government,-6117.049,5117.779,-999.27,216493.745,esa2010_modern,-999.27,0,2.363938505,-0.4615699174
2022,general_government,-757.272,4608.019,3850.747,243957.084,esa2010_modern,3850.747,0,1.8888646,1.578452627
2023,general_government,3029.718,5553.291,8583.009,270352.615,esa2010_modern,8583.009,0,2.054091839,3.174746063
2024,general_government,1862.517353,5934.789,7797.306353,289784.317,esa2010_modern,7797.306353,0,2.048002135,2.690727515
2025,general_government,2058.629783,5964.542,8023.171783,306765.485,esa2010_modern,8023.171783,0,1.944332818,2.615408895
1977,regional_local_government,12.0411963,0.9359194342,12.97711574,3602.601334,historical_long_series,12.97711574,0,0.02597898983,0.3602151482
1978,regional_local_government,1.240453622,1.01616032,2.256613942,4456.083151,historical_long_series,2.256613942,0,0.02280389045,0.05064119913
1979,regional_local_government,11.82680028,1.031035129,12.85783541,5665.868483,historical_long_series,12.85783541,0,0.01819730076,0.226934943
1980,regional_local_government,-22.40721362,1.818644567,-20.58856905,7363.833272,historical_long_series,-20.58856905,0,0.02469698185,-0.2795903748
1981,regional_local_government,-70.3706218,4.448753504,-65.9218683,8847.305645,historical_long_series,-65.9218683,0,0.05028370989,-0.7451067132
1982,regional_local_government,-103.7977923,17.71329596,-86.08449636,10698.31816,historical_long_series,-86.08449636,0,0.1655708467,-0.8046544802
1983,regional_local_government,-96.05387516,34.5463084,-61.50756676,13668.75365,historical_long_series,-61.50756676,0,0.2527392716,-0.449986651
1984,regional_local_government,-96.66619447,31.54674734,-65.11944713,16785.04216,historical_long_series,-65.11944713,0,0.1879455949,-0.387961177
1985,regional_local_government,-127.7159795,38.2371784,-89.47880109,20605.41146,historical_long_series,-89.47880109,0,0.1855686234,-0.4342490382
1986,regional_local_government,-31.0002893,34.16765595,3.167366646,25181.81629,historical_long_series,3.167366646,0,0.1356838425,0.01257799124
1987,regional_local_government,12.73929829,86.34690396,99.08620225,29670.65301,historical_long_series,99.08620225,0,0.2910178753,0.3339535609
1988,regional_local_government,75.29853054,42.96645085,118.2649814,35416.43021,historical_long_series,118.2649814,0,0.1213178477,0.3339268828
1989,regional_local_government,-64.61926757,39.03592342,-25.58334414,41841.30823,historical_long_series,-25.58334414,0,0.09329517904,-0.06114374819
1990,regional_local_government,-336.109975,312.9657525,-23.14422242,50239.23883,historical_long_series,-23.14422242,0,0.6229508246,-0.04606801967
1991,regional_local_government,-130.0016959,151.8789717,21.87727577,57608.07092,historical_long_series,21.87727577,0,0.2636418287,0.03797606033
1992,regional_local_government,-59.72107222,185.4480702,125.7269979,64765.86489,historical_long_series,125.7269979,0,0.2863361285,0.1941254056
1993,regional_local_government,-269.6651071,180.6446464,-89.02046069,67733.29321,historical_long_series,-89.02046069,0,0.2666999312,-0.1314279234
1994,regional_local_government,-106.7005919,183.6673617,76.96676976,73437.83279,historical_long_series,76.96676976,0,0.2500991038,0.1048053392
1995,regional_local_government,32.57930034,194.3017328,226.8810332,79373.07522,historical_long_series,226.8810332,0,0.2447955207,0.2858413039
2000,regional_local_government,-483.1421419,91.199,-391.9431419,128414.445,esa2010_modern,-391.9431419,0,0.0710192689,-0.3052173312
2001,regional_local_government,-534.5154155,134.224,-400.2914155,135775.009,esa2010_modern,-400.2914155,0,0.09885766238,-0.2948196568
2002,regional_local_government,-652.5082811,129.836,-522.6722811,142554.263,esa2010_modern,-522.6722811,0,0.09107830048,-0.3666479487
2003,regional_local_government,-690.4891224,126.494,-563.9951224,146067.858,esa2010_modern,-563.9951224,0,0.08659947625,-0.3861185685
2004,regional_local_government,-525.3840396,140.773,-384.6110396,152248.388,esa2010_modern,-384.6110396,0,0.09246271954,-0.2526207631
2005,regional_local_government,-577.0363721,138.933,-438.1033721,158552.704,esa2010_modern,-438.1033721,0,0.08762575251,-0.2763140338
2006,regional_local_government,-205.6712154,186.9358046,-18.7354108,166260.469,esa2010_modern,-18.7354108,0,0.112435509,-0.01126871042
2007,regional_local_government,-465.0689843,281.830429,-183.2385553,175483.401,esa2010_modern,-183.2385553,0,0.160602329,-0.1044193093
2008,regional_local_government,-1096.12161,321.81564,-774.30597,179102.781,esa2010_modern,-774.30597,0,0.1796821011,-0.4323249286
2009,regional_local_government,-1385.03697,260.525,-1124.51197,175416.437,esa2010_modern,-1124.51197,0,0.1485180092,-0.6410527937
2010,regional_local_government,-1542.95834,71.075,-1471.88334,179860.351,esa2010_modern,-1471.88334,0,0.03951676932,-0.8183478637
2011,regional_local_government,-201.17,149.23,-51.94,176318.001,esa2010_modern,-51.94,0,0.08463684885,-0.02945813797
2012,regional_local_government,835.30959,162.589,997.89859,168538.75,esa2010_modern,997.89859,0,0.09646980294,0.5920885197
2013,regional_local_government,309.08,195.518,504.598,170675.649,esa2010_modern,504.598,0,0.114555299,0.2956473305
2014,regional_local_government,654.758,201.987,856.745,173186.662,esa2010_modern,856.745,0,0.1166296513,0.4946945626
2015,regional_local_government,776.285,213.439,989.724,179392.709,esa2010_modern,989.724,0,0.118978637,0.5517080407
2016,regional_local_government,863.018,178.758,1041.776,186380.749,esa2010_modern,1041.776,0,0.09591011999,0.5589504311
2017,regional_local_government,348,180.16,528.16,195509.136,esa2010_modern,528.16,0,0.09214914642,0.2701459435
2018,regional_local_government,499.241,169.482,668.723,204997.646,esa2010_modern,668.723,0,0.08267509569,0.3262100873
2019,regional_local_government,604.44,136.688,741.128,214489.895,esa2010_modern,741.128,0,0.06372701148,0.3455304969
2020,regional_local_government,-207.161,79.955,-127.206,201032.705,esa2010_modern,-127.206,0,0.03977213558,-0.06327627139
2021,regional_local_government,-600.642,95.406,-505.236,216493.745,esa2010_modern,-505.236,0,0.0440687097,-0.2333721004
2022,regional_local_government,-90.541,74.985,-15.556,243957.084,esa2010_modern,-15.556,0,0.03073696356,-0.006376531374
2023,regional_local_government,-242.995,91.012,-151.983,270352.615,esa2010_modern,-151.983,0,0.03366418335,-0.05621658218
2024,regional_local_government,255.889296,152.116,408.005296,289784.317,esa2010_modern,408.005296,0,0.05249283383,0.1407961964
2025,regional_local_government,629.7422505,120.265,750.0072505,306765.485,esa2010_modern,750.0072505,0,0.03920421491,0.2444887992
1977,social_security_funds,-3.853388511,1.01754771,-2.835840801,3602.601334,historical_long_series,-2.835840801,0,0.02824480467,-0.07871647561
1978,social_security_funds,33.19482048,1.970251693,35.16507218,4456.083151,historical_long_series,35.16507218,0,0.0442148772,0.7891475761
1979,social_security_funds,56.6780509,0.09975957941,56.77781048,5665.868483,historical_long_series,56.77781048,0,0.001760711173,1.002102513
1980,social_security_funds,27.7607067,0,27.7607067,7363.833272,historical_long_series,27.7607067,0,0,0.3769871706
1981,social_security_funds,-16.77528656,1.516345607,-15.25894095,8847.305645,historical_long_series,-15.25894095,0,0.0171390666,-0.1724699198
1982,social_security_funds,17.86991351,2.593749065,20.46366257,10698.31816,historical_long_series,20.46366257,0,0.02424445624,0.1912792485
1983,social_security_funds,67.65691683,3.446693469,71.1036103,13668.75365,historical_long_series,71.1036103,0,0.0252158577,0.5201908831
1984,social_security_funds,200.3422901,2.922955677,203.2652458,16785.04216,historical_long_series,203.2652458,0,0.01741405025,1.210990379
1985,social_security_funds,161.6981574,2.384253948,164.0824114,20605.41146,historical_long_series,164.0824114,0,0.01157100868,0.7963073763
1986,social_security_funds,343.0976347,0.004987978971,343.1026227,25181.81629,historical_long_series,343.1026227,0,1.980786022e-05,1.362501492
1987,social_security_funds,163.1263655,0.004987978971,163.1313534,29670.65301,historical_long_series,163.1313534,0,1.681115333e-05,0.5498070885
1988,social_security_funds,231.5695873,0.004987978971,231.5745753,35416.43021,historical_long_series,231.5745753,0,1.408379936e-05,0.6538619898
1989,social_security_funds,286.419499,0,286.419499,41841.30823,historical_long_series,286.419499,0,0,0.6845376283
1990,social_security_funds,228.0497351,0,228.0497351,50239.23883,historical_long_series,228.0497351,0,0,0.4539275285
1991,social_security_funds,-69.89577618,0,-69.89577618,57608.07092,historical_long_series,-69.89577618,0,0,-0.1213298329
1992,social_security_funds,180.7569009,3.726020291,184.4829212,64765.86489,historical_long_series,184.4829212,0,0.00575306189,0.2848459161
1993,social_security_funds,226.4834249,7.382208877,233.8656338,67733.29321,historical_long_series,233.8656338,0,0.01089893688,0.3452742702
1994,social_security_funds,-278.3861104,7.796211131,-270.5898993,73437.83279,historical_long_series,-270.5898993,0,0.01061606918,-0.3684611718
1995,social_security_funds,-369.5353881,11.28779641,-358.2475916,79373.07522,historical_long_series,-358.2475916,0,0.01422119072,-0.4513464933
2000,social_security_funds,157.0259787,0,157.0259787,128414.445,esa2010_modern,157.0259787,0,0,0.1222806194
2001,social_security_funds,-208.2281407,2.552,-205.6761407,135775.009,esa2010_modern,-205.6761407,0,0.001879580063,-0.1514830617
2002,social_security_funds,992.0161678,3.064,995.0801678,142554.263,esa2010_modern,995.0801678,0,0.002149356979,0.6980360649
2003,social_security_funds,406.3665819,3.095,409.4615819,146067.858,esa2010_modern,409.4615819,0,0.0021188782,0.2803228496
2004,social_security_funds,309.7843197,0.003,309.7873197,152248.388,esa2010_modern,309.7873197,0,1.970464213e-06,0.2034749423
2005,social_security_funds,512.6120555,3.536,516.1480555,158552.704,esa2010_modern,516.1480555,0,0.002230173255,0.3255372141
2006,social_security_funds,817.3768087,0.002418,817.3792267,166260.469,esa2010_modern,817.3792267,0,1.454344508e-06,0.4916257193
2007,social_security_funds,1420.155727,0.125659,1420.281386,175483.401,esa2010_modern,1420.281386,0,7.160734251e-05,0.8093536925
2008,social_security_funds,1680.2099,0.08183,1680.29173,179102.781,esa2010_modern,1680.29173,0,4.568884947e-05,0.9381717696
2009,social_security_funds,412.45685,0.06,412.51685,175416.437,esa2010_modern,412.51685,0,3.420432032e-05,0.2351643079
2010,social_security_funds,804.77519,0.025,804.80019,179860.351,esa2010_modern,804.80019,0,1.389967264e-05,0.4474583673
2011,social_security_funds,438.972,0.006,438.978,176318.001,esa2010_modern,438.978,0,3.402942392e-06,0.2489694742
2012,social_security_funds,313.885,0.021,313.906,168538.75,esa2010_modern,313.906,0,1.246004257e-05,0.1862515297
2013,social_security_funds,347.84,0.011,347.851,170675.649,esa2010_modern,347.851,0,6.444973296e-06,0.2038082187
2014,social_security_funds,807.636,0.019,807.655,173186.662,esa2010_modern,807.655,0,1.097082176e-05,0.4663494236
2015,social_security_funds,1128.534,0,1128.534,179392.709,esa2010_modern,1128.534,0,0,0.6290857674
2016,social_security_funds,1569.943,0,1569.943,186380.749,esa2010_modern,1569.943,0,0,0.8423310929
2017,social_security_funds,2242.554,0,2242.554,195509.136,esa2010_modern,2242.554,0,0,1.147032842
2018,social_security_funds,2034.792,0,2034.792,204997.646,esa2010_modern,2034.792,0,0,0.9925928613
2019,social_security_funds,2975.47,0,2975.47,214489.895,esa2010_modern,2975.47,0,0,1.387230853
2020,social_security_funds,2197.909,0,2197.909,201032.705,esa2010_modern,2197.909,0,0,1.093309171
2021,social_security_funds,2468.317,0,2468.317,216493.745,esa2010_modern,2468.317,0,0,1.140133171
2022,social_security_funds,4299.404,0,4299.404,243957.084,esa2010_modern,4299.404,0,0,1.762360793
2023,social_security_funds,5720.159,0,5720.159,270352.615,esa2010_modern,5720.159,0,0,2.115814193
2024,social_security_funds,6030.555507,0,6030.555507,289784.317,esa2010_modern,6030.555507,0,0,2.081049647
2025,social_security_funds,7064.692165,0,7064.692165,306765.485,esa2010_modern,7064.692165,0,0,2.302961875
