year,statistical_regime,year_gap,balance_change_m_eur,revenue_change_m_eur,expenditure_change_m_eur,contributions_change_m_eur,other_revenue_change_m_eur,social_transfers_change_m_eur,other_expenditure_change_m_eur,contributions_contribution_m_eur,other_revenue_contribution_m_eur,social_transfers_contribution_m_eur,other_expenditure_contribution_m_eur,revenue_split_error_m_eur,expenditure_split_error_m_eur,balance_identity_error_m_eur,contribution_closure_error_m_eur
1978,historical_long_series,1,37.04820899,83.46421505,46.41600606,58.4677002,24.99651486,,,58.4677002,24.99651486,,,0,,7.105427358e-15,
1979,historical_long_series,1,23.48323041,74.80513897,51.32190856,75.38181987,-0.576680903,,,75.38181987,-0.576680903,,,0,,-1.421085472e-14,
1980,historical_long_series,1,-28.9173442,144.3930673,173.3104115,126.6316425,17.76142474,,,126.6316425,17.76142474,,,0,,3.552713679e-14,
1981,historical_long_series,1,-44.53599326,147.7056347,192.2416279,145.9430672,1.762567461,,,145.9430672,1.762567461,,,0,,1.421085472e-14,
1982,historical_long_series,1,34.64520007,235.3678579,200.7226578,223.5159715,11.85188637,,,223.5159715,11.85188637,,,0,,-5.684341886e-14,
1983,historical_long_series,1,49.78700332,282.1694407,232.3824374,231.1599794,51.00946127,,,231.1599794,51.00946127,,,0,,4.263256415e-14,
1984,historical_long_series,1,132.6853733,383.0917239,250.4063506,255.7783342,127.3133896,,,255.7783342,127.3133896,,,0,,-1.136868377e-13,
1985,historical_long_series,1,-38.64413264,308.0761868,346.7203194,268.8239243,39.25226243,,,268.8239243,39.25226243,,,0,,3.126388037e-13,
1986,historical_long_series,1,181.3994773,813.2889971,631.8895198,740.7758751,72.51312192,,,740.7758751,72.51312192,,,0,,-1.98951966e-13,
1987,historical_long_series,1,-179.9712692,479.7359465,659.7072157,434.1831736,45.55277292,,,434.1831736,45.55277292,,,0,,1.421085472e-13,
1988,historical_long_series,1,68.44322184,558.8474194,490.4041975,445.1920222,113.6553971,,,445.1920222,113.6553971,,,0,,-1.136868377e-13,
1989,historical_long_series,1,54.84991171,648.7207211,593.8708094,616.8892818,31.83143924,,,616.8892818,31.83143924,,,0,,3.126388037e-13,
1990,historical_long_series,1,-58.36976387,863.1492983,921.5190621,829.1126585,34.03663976,,,829.1126585,34.03663976,,,0,,-3.126388037e-13,
1991,historical_long_series,1,-297.9455113,1064.552087,1362.497599,915.324069,149.2280184,,,915.324069,149.2280184,,,0,,6.252776075e-13,
1992,historical_long_series,1,250.652677,1534.84275,1284.190073,1018.390678,516.452072,,,1018.390678,516.452072,,,0,,-4.547473509e-13,
1993,historical_long_series,1,45.72652408,1503.273432,1457.546908,721.1021438,782.1712881,,,721.1021438,782.1712881,,,0,,7.389644452e-13,
1994,historical_long_series,1,-504.8695353,127.1659787,632.035514,578.4509333,-451.2849546,,,578.4509333,-451.2849546,,,0,,-3.410605132e-13,
1995,historical_long_series,1,-91.14927767,1014.20925,1105.358527,923.4844026,90.72484711,,,923.4844026,90.72484711,,,0,,-3.97903932e-13,
2001,esa2010_modern,1,-365.2541194,831.0008806,1196.255,796.631,34.36988058,856.864,339.391,796.631,34.36988058,-856.864,-339.391,0,0,0,0
2002,esa2010_modern,1,1200.244309,1662.384309,462.14,508.393,1153.991309,911.072,-448.932,508.393,1153.991309,-911.072,448.932,0,0,0,0
2003,esa2010_modern,1,-585.6495859,571.5494141,1157.199,95.085,476.4644141,1172.611,-15.412,95.085,476.4644141,-1172.611,15.412,0,0,0,0
2004,esa2010_modern,1,-96.58226224,995.8167378,1092.399,263.76,732.0567378,1013.824,78.575,263.76,732.0567378,-1013.824,-78.575,0,0,0,0
2005,esa2010_modern,1,202.8277358,1294.012736,1091.185,627.368,666.6447358,1038.063,53.122,627.368,666.6447358,-1038.063,-53.122,0,0,0,0
2006,esa2010_modern,1,304.7647532,1366.343586,1061.578833,565.604,800.7395862,926.651,134.927833,565.604,800.7395862,-926.651,-134.927833,0,0,0,0
2007,esa2010_modern,1,602.7789181,1223.653368,620.87445,766.792,456.8613681,653.809,-32.93455,766.792,456.8613681,-653.809,32.93455,0,0,0,0
2008,esa2010_modern,1,260.0541732,1223.43322,963.379047,632.089,591.3442202,871.425,91.954047,632.089,591.3442202,-871.425,-91.954047,0,0,0,0
2009,esa2010_modern,1,-1267.75305,672.28562,1940.03867,111.408,560.87762,1680.367,259.67167,111.408,560.87762,-1680.367,-259.67167,0,0,0,0
2010,esa2010_modern,1,392.31834,1132.42934,740.111,358.70819,773.72115,760.478,-20.367,358.70819,773.72115,-760.478,20.367,0,0,0,0
2011,esa2010_modern,1,-365.80319,-639.66219,-273.859,211.93781,-851.6,-62.953,-210.906,211.93781,-851.6,62.953,210.906,0,0,0,0
2012,esa2010_modern,1,-125.087,598.657,723.744,-701.372,1300.029,848.832,-125.088,-701.372,1300.029,-848.832,125.088,0,0,0,0
2013,esa2010_modern,1,33.955,807.215,773.26,206.098,601.117,692.595,80.665,206.098,601.117,-692.595,-80.665,0,0,0,0
2014,esa2010_modern,1,459.796,-100.194,-559.99,258.988,-359.182,-541.726,-18.264,258.988,-359.182,541.726,18.264,0,0,0,0
2015,esa2010_modern,1,320.898,346.614,25.716,584.647,-238.033,-431.411,457.127,584.647,-238.033,431.411,-457.127,0,0,0,0
2016,esa2010_modern,1,441.409,708.436,267.027,710.013,-1.577,265.164,1.863,710.013,-1.577,-265.164,-1.863,0,0,0,0
2017,esa2010_modern,1,672.611,1076.949,404.338,1042.208,34.741,326.509,77.829,1042.208,34.741,-326.509,-77.829,0,0,0,0
2018,esa2010_modern,1,-207.762,798.158,1005.92,1165.797,-367.639,835.787,170.133,1165.797,-367.639,-835.787,-170.133,0,0,0,0
2019,esa2010_modern,1,940.678,2136.944,1196.266,1483.509,653.435,1145.137,51.129,1483.509,653.435,-1145.137,-51.129,0,0,0,0
2020,esa2010_modern,1,-777.561,2508.687,3286.248,311.423,2197.264,1448.835,1837.413,311.423,2197.264,-1448.835,-1837.413,0,0,0,0
2021,esa2010_modern,1,270.408,975.722,705.314,1429.609,-453.887,793.534,-88.22,1429.609,-453.887,-793.534,88.22,0,0,0,0
2022,esa2010_modern,1,1831.087,2427.2,596.113,2289.475,137.725,1524.924,-928.811,2289.475,137.725,-1524.924,928.811,0,0,0,0
2023,esa2010_modern,1,1420.755,3142.999,1722.244,2805.544,337.455,1653.161,69.083,2805.544,337.455,-1653.161,-69.083,0,0,0,0
2024,esa2010_modern,1,310.396507,3895.978507,3585.582,2557.289,1338.689507,3016.658,568.924,2557.289,1338.689507,-3016.658,-568.924,0,0,0,0
2025,esa2010_modern,1,1034.136658,3554.538658,2520.402,2467.646,1086.892658,2002.737,517.665,2467.646,1086.892658,-2002.737,-517.665,0,0,0,0
