country,year,general_government_mio_nac,social_security_mio_nac,non_ssf_mio_nac,state_government_mio_nac,general_government_pct_gdp,social_security_pct_gdp,non_ssf_pct_gdp,central_government_pct_gdp,has_state_tier,closure_error_mio_nac,sectors_reported,complete,aggregate_positive,non_ssf_negative,ssf_positive,central_negative,offset_ratio,offset_exceeds_one
AT,1995,-10856.4,-228.7,-10627.8,38.9,-6.2,-0.1,-6.1,-5.4,True,0.1,4,True,False,True,False,True,,False
AT,1996,-8303.1,-15.4,-8287.7,431,-4.6,0,-4.6,-4.5,True,0,4,True,False,True,False,True,,False
AT,1997,-4924.3,293.9,-5218.3,670.2,-2.6,0.2,-2.7,-3.2,True,0.1,4,True,False,True,True,True,0.05632102409,False
AT,1998,-5377.5,218.2,-5595.7,325.2,-2.8,0.1,-2.8,-3,True,0,4,True,False,True,True,True,0.03899422771,False
AT,1999,-5344.2,-77.6,-5266.6,91.5,-2.6,0,-2.6,-2.5,True,9.094947018e-13,4,True,False,True,False,True,,False
AT,2000,-5111.4,-257.6,-4853.7,-120.2,-2.4,-0.1,-2.3,-2.1,True,-0.1,4,True,False,True,False,True,,False
AT,2001,-1563.3,-28,-1535.3,-18.5,-0.7,0,-0.7,-0.9,True,2.273736754e-13,4,True,False,True,False,True,,False
AT,2002,-3208.1,-101,-3107,-265.6,-1.4,0,-1.4,-1.3,True,-0.1,4,True,False,True,False,True,,False
AT,2003,-4239.3,-128.7,-4110.6,-110.2,-1.8,-0.1,-1.7,-1.7,True,-9.094947018e-13,4,True,False,True,False,True,,False
AT,2004,-11886,-193.8,-11692.2,-349.1,-4.9,-0.1,-4.8,-4.6,True,0,4,True,False,True,False,True,,False
AT,2005,-6532.2,-51.2,-6481,-288.8,-2.6,0,-2.5,-2.4,True,0,4,True,False,True,False,True,,False
AT,2006,-6936.9,29.7,-6966.5,-991.5,-2.6,0,-2.6,-2.2,True,-0.1,4,True,False,True,True,True,0.004263259887,False
AT,2007,-3865.1,-273.9,-3591.2,-376.8,-1.4,-0.1,-1.2,-1.1,True,4.547473509e-13,4,True,False,True,False,True,,False
AT,2008,-4586.6,126.5,-4713.1,-490.6,-1.6,0,-1.7,-1.4,True,-9.094947018e-13,4,True,False,True,True,True,0.02684008402,False
AT,2009,-15404.3,223.6,-15627.9,-2007.9,-5.4,0.1,-5.5,-4.3,True,0,4,True,False,True,True,True,0.01430774448,False
AT,2010,-13127.5,460.8,-13588.2,-2545.7,-4.5,0.2,-4.7,-3.3,True,-0.1,4,True,False,True,True,True,0.03391177639,False
AT,2011,-7647.6,697.3,-8344.9,-1026,-2.5,0.2,-2.7,-2.2,True,-9.094947018e-13,4,True,False,True,True,True,0.08356001869,False
AT,2012,-6891.9,593.4,-7485.3,-382.8,-2.2,0.2,-2.4,-2.2,True,9.094947018e-13,4,True,False,True,True,True,0.07927537974,False
AT,2013,-6399.8,447.8,-6847.5,-23.7,-2,0.1,-2.2,-2.1,True,-0.1,4,True,False,True,True,True,0.06539612997,False
AT,2014,-6349.8,509,-6858.8,184.2,-1.9,0.2,-2,-2.1,True,0,4,True,False,True,True,True,0.07421123229,False
AT,2015,-1631.5,274.4,-1905.9,449.1,-0.5,0.1,-0.6,-0.7,True,0,4,True,False,True,True,True,0.1439739755,False
AT,2016,-5162.2,442.2,-5604.5,-1191.7,-1.5,0.1,-1.6,-1.2,True,0.1,4,True,False,True,True,True,0.07890088322,False
AT,2017,-2849.3,477.9,-3327.1,292.8,-0.8,0.1,-0.9,-0.9,True,-0.1,4,True,False,True,True,True,0.1436386042,False
AT,2018,748,484.6,263.3,641,0.2,0.1,0.1,-0.1,True,0.1,4,True,True,False,True,True,,False
AT,2019,2122.6,197.6,1925,544.3,0.5,0,0.5,0.4,True,0,4,True,True,False,True,False,,False
AT,2020,-31202.7,47.1,-31249.8,-1983.9,-8.2,0,-8.2,-7.4,True,0,4,True,False,True,True,True,0.001507209646,False
AT,2021,-23128.8,117,-23245.8,-2056.5,-5.7,0,-5.7,-5.2,True,0,4,True,False,True,True,True,0.005033167282,False
AT,2022,-15325.4,-510,-14815.4,1983.1,-3.4,-0.1,-3.3,-3.9,True,0,4,True,False,True,False,True,,False
AT,2023,-12249.3,-675.5,-11573.8,-453.6,-2.6,-0.1,-2.4,-1.8,True,1.818989404e-12,4,True,False,True,False,True,,False
AT,2024,-22952.6,-876.5,-22076.1,-2305.5,-4.6,-0.2,-4.5,-3.4,True,3.637978807e-12,4,True,False,True,False,True,,False
AT,2025,-21463.5,-643.8,-20819.8,-2287.7,-4.2,-0.1,-4.1,-3,True,0.1,4,True,False,True,False,True,,False
BE,1995,-9489.6,-307.1,-9182.5,-1628.5,-4.5,-0.1,-4.4,-3.8,True,0,4,True,False,True,False,True,,False
BE,1996,-8576.9,-768.4,-7808.5,-759.4,-4,-0.4,-3.7,-3.4,True,0,4,True,False,True,False,True,,False
BE,1997,-4821,461.5,-5282.5,-158.9,-2.2,0.2,-2.4,-2.4,True,0,4,True,False,True,True,True,0.08736393753,False
BE,1998,-2384.1,505.6,-2889.7,780.7,-1,0.2,-1.3,-1.7,True,4.547473509e-13,4,True,False,True,True,True,0.1749662595,False
BE,1999,-1571,1071.3,-2642.3,1089,-0.6,0.4,-1.2,-1.6,True,2.273736754e-13,4,True,False,True,True,True,0.4054422284,False
BE,2000,-203.3,852.8,-1056.1,760.1,-0.1,0.3,-0.4,-0.4,True,-5.684341886e-14,4,True,False,True,True,True,,False
BE,2001,615.5,1677,-1061.5,2003.7,0.2,0.6,-0.4,-1.1,True,2.273736754e-13,4,True,True,True,True,True,,False
BE,2002,-119.4,997.9,-1117.3,-149.7,0,0.4,-0.4,-0.2,True,1.98951966e-13,4,True,False,True,True,True,,False
BE,2003,-5242,-1174.9,-4067.1,147.1,-1.9,-0.4,-1.4,-1.5,True,0,4,True,False,True,False,True,,False
BE,2004,-708.5,-257.8,-450.7,-79.6,-0.2,-0.1,-0.1,-0.2,True,0,4,True,False,True,False,True,,False
BE,2005,-8417.5,-320.9,-8096.6,431,-2.7,-0.1,-2.7,-2.8,True,0,4,True,False,True,False,True,,False
BE,2006,779,778.5,0.5,481,0.2,0.2,0,-0.1,True,0,4,True,True,False,True,True,,False
BE,2007,228.3,1454.8,-1226.5,1226.3,0.1,0.4,-0.3,-0.9,True,5.684341886e-14,4,True,True,True,True,True,,False
BE,2008,-3852.8,1208.7,-5061.5,-410.6,-1.1,0.3,-1.5,-1.6,True,9.094947018e-13,4,True,False,True,True,True,0.2388027265,False
BE,2009,-18943.5,-2620.7,-16322.8,-2895.3,-5.4,-0.8,-4.6,-3.9,True,0,4,True,False,True,False,True,,False
BE,2010,-15013.3,-729.7,-14283.6,-2953.1,-4.1,-0.2,-4,-3.1,True,1.818989404e-12,4,True,False,True,False,True,,False
BE,2011,-16822,62.1,-16884.1,-1855.9,-4.4,0,-4.4,-3.8,True,0,4,True,False,True,True,True,0.003678016595,False
BE,2012,-16869.4,-380.4,-16489,-745.2,-4.3,-0.1,-4.3,-3.6,True,0,4,True,False,True,False,True,,False
BE,2013,-12483.8,-351.8,-12132,-1059.1,-3.2,-0.1,-3.1,-2.6,True,0,4,True,False,True,False,True,,False
BE,2014,-12858.1,-140.5,-12717.6,-1548.9,-3.2,0,-3.1,-2.6,True,-1.818989404e-12,4,True,False,True,False,True,,False
BE,2015,-10286.1,799.5,-11085.6,-6007.9,-2.5,0.2,-2.6,-1.3,True,0,4,True,False,True,True,True,0.07212058887,False
BE,2016,-10415.3,-267.9,-10147.4,179.6,-2.4,-0.1,-2.4,-2.6,True,0,4,True,False,True,False,True,,False
BE,2017,-3384.7,807.1,-4191.8,817.3,-0.8,0.2,-0.9,-1.3,True,4.547473509e-13,4,True,False,True,True,True,0.1925425831,False
BE,2018,-4817,-253.7,-4563.3,-2060.5,-1,-0.1,-1,-0.4,True,0,4,True,False,True,False,True,,False
BE,2019,-9819.1,1046.5,-10865.6,-1176.1,-2,0.2,-2.3,-2,True,0,4,True,False,True,True,True,0.09631313503,False
BE,2020,-41898.5,1123.6,-43022.1,-10118.7,-9,0.2,-9.3,-7.2,True,-7.275957614e-12,4,True,False,True,True,True,0.02611680973,False
BE,2021,-27336.5,1411.4,-28747.9,-8583,-5.4,0.3,-5.7,-4,True,-3.637978807e-12,4,True,False,True,True,True,0.04909576004,False
BE,2022,-19883,-723.6,-19159.4,-5279.7,-3.5,-0.1,-3.4,-2.4,True,0,4,True,False,True,False,True,,False
BE,2023,-24720.1,1847.5,-26567.6,-6906.8,-4.1,0.3,-4.4,-3.3,True,0,4,True,False,True,True,True,0.06953958958,False
BE,2024,-27056.3,221.9,-27278.2,-9420.1,-4.4,0,-4.4,-2.7,True,-3.637978807e-12,4,True,False,True,True,True,0.00813470097,False
BE,2025,-33220.7,173.1,-33393.8,-8947.8,-5.2,0,-5.3,-3.8,True,7.275957614e-12,4,True,False,True,True,True,0.005183596955,False
BG,1995,-35.9,6.9,-42.8,,-5.5,1.1,-6.5,-4.9,False,7.105427358e-15,4,True,False,True,True,True,0.1612149533,False
BG,1996,-90.7,9.5,-100.1,,-8.1,0.8,-8.9,-7.5,False,-0.1,4,True,False,True,True,True,0.09490509491,False
BG,1997,147.3,16.4,131,,1.5,0.2,1.4,1.3,False,-0.1,4,True,True,False,True,False,,False
BG,1998,182,-8.6,190.6,,1.3,-0.1,1.4,1.5,False,0,4,True,True,False,False,False,,False
BG,1999,19.6,60.7,-41.2,,0.2,0.5,-0.3,-0.1,False,0.1,4,True,True,True,True,True,,False
BG,2000,15.6,161.1,-145.6,,0.1,1.1,-1,-0.9,False,0.1,4,True,True,True,True,True,1.106456044,True
BG,2001,107.6,88.3,19.2,,0.7,0.6,0.1,0.2,False,0.1,4,True,True,False,True,False,,False
BG,2002,-184.6,102,-286.6,,-1.1,0.6,-1.6,-1.7,False,-2.842170943e-14,4,True,False,True,True,True,0.3558967202,False
BG,2003,-7.1,59.3,-66.4,,0,0.3,-0.4,-0.2,False,8.881784197e-15,4,True,False,True,True,True,,False
BG,2004,376.1,26.1,350,,1.8,0.1,1.7,1.4,False,0,4,True,True,False,True,False,,False
BG,2005,386.8,2,384.7,,1.6,0,1.6,2,False,0.1,4,True,True,False,True,False,,False
BG,2006,731.2,-128.2,859.4,,2.7,-0.5,3.1,2.9,False,0,4,True,True,False,False,False,,False
BG,2007,-3.4,40,-43.3,,0,0.1,-0.1,0,False,-0.1,4,True,False,True,True,False,,False
BG,2008,528.7,94.7,434.1,,1.4,0.3,1.1,1.5,False,-0.1,4,True,True,False,True,False,,False
BG,2009,-1661.1,127,-1788.2,,-4.4,0.3,-4.7,-3.9,False,0.1,4,True,False,True,True,True,0.07102113858,False
BG,2010,-1402.8,-411.4,-991.4,,-3.7,-1.1,-2.6,-2.6,False,0,4,True,False,True,False,True,,False
BG,2011,-724.7,47.7,-772.4,,-1.7,0.1,-1.8,-1.8,False,-1.136868377e-13,4,True,False,True,True,True,0.06175556706,False
BG,2012,-340.8,40.5,-381.2,,-0.8,0.1,-0.9,-1.1,False,-0.1,4,True,False,True,True,True,0.1062434418,False
BG,2013,-305.7,-6.7,-299,,-0.7,0,-0.7,-1.1,False,0,4,True,False,True,False,True,,False
BG,2014,-2315,99,-2414,,-5.4,0.2,-5.6,-5.6,False,0,4,True,False,True,True,True,0.04101077051,False
BG,2015,-851.4,-18.5,-832.9,,-1.9,0,-1.8,-0.9,False,0,4,True,False,True,False,True,,False
BG,2016,155.1,10.9,144.2,,0.3,0,0.3,0.2,False,0,4,True,True,False,True,False,,False
BG,2017,852.6,-32.3,884.9,,1.6,-0.1,1.7,1.5,False,0,4,True,True,False,False,False,,False
BG,2018,970.5,53.4,917.1,,1.7,0.1,1.6,1.5,False,0,4,True,True,False,True,False,,False
BG,2019,1319,137.5,1181.6,,2.2,0.2,2,2.1,False,-0.1,4,True,True,False,True,False,,False
BG,2020,-2368.1,84.5,-2452.7,,-3.8,0.1,-3.9,-4.2,False,0.1,4,True,False,True,True,True,0.0344518286,False
BG,2021,-2825.5,414.1,-3239.6,,-4,0.6,-4.5,-4.6,False,0,4,True,False,True,True,True,0.1278244228,False
BG,2022,-2527.9,-318.6,-2209.4,,-2.9,-0.4,-2.5,-2.8,False,0.1,4,True,False,True,False,True,,False
BG,2023,-1883.5,57.5,-1941,,-2,0.1,-2,-1.9,False,0,4,True,False,True,True,True,0.0296239052,False
BG,2024,-3191.5,-36.4,-3155.1,,-3,0,-3,-2.6,False,4.547473509e-13,4,True,False,True,False,True,,False
BG,2025,-4112.6,-4.3,-4108.3,,-3.5,0,-3.5,-3.3,False,0,4,True,False,True,False,True,,False
CH,1995,-7837.7,100.8,-7938.5,-1985.3,-1.9,0,-2,-1.2,True,0,4,True,False,True,True,True,0.0126976129,False
CH,1996,-8474.8,-439.8,-8035,-2165.1,-2,-0.1,-1.9,-1.3,True,0,4,True,False,True,False,True,,False
CH,1997,-10046.8,-3103,-6943.8,-2161.7,-2.3,-0.7,-1.6,-0.9,True,0,4,True,False,True,False,True,,False
CH,1998,-5830.7,-2037,-3793.6,-915.9,-1.3,-0.5,-0.9,-0.5,True,-0.1,4,True,False,True,False,True,,False
CH,1999,-7071.4,433.2,-7504.6,465.1,-1.6,0.1,-1.7,-1.9,True,9.094947018e-13,4,True,False,True,True,True,0.05772459558,False
CH,2000,1467.2,3312.5,-1845.4,68.8,0.3,0.7,-0.4,-0.6,True,0.1,4,True,True,True,True,True,,False
CH,2001,873.6,3625.7,-2752.1,-725.1,0.2,0.7,-0.5,-0.6,True,5.684341886e-13,4,True,True,True,True,True,,False
CH,2002,-8494.6,2269,-10763.6,-1020.3,-1.8,0.5,-2.2,-2.2,True,0,4,True,False,True,True,True,0.210803077,False
CH,2003,-6694.2,-1011.4,-5682.8,-2589.2,-1.4,-0.2,-1.2,-0.6,True,-9.094947018e-13,4,True,False,True,False,True,,False
CH,2004,-7126.9,-2429.6,-4697.2,-2668.7,-1.4,-0.5,-1,-0.5,True,-0.1,4,True,False,True,False,True,,False
CH,2005,-3338,-2581.4,-756.7,-1000.4,-0.6,-0.5,-0.2,0,True,0.1,4,True,False,True,False,False,,False
CH,2006,4678.7,-1168.1,5846.7,1646.8,0.8,-0.2,1.1,0.6,True,0.1,4,True,True,False,False,False,,False
CH,2007,7831.4,7352.3,479.1,3422.4,1.3,1.2,0.1,-0.9,True,0,4,True,True,False,True,True,,False
CH,2008,11129.9,1790.4,9339.5,4036.6,1.8,0.3,1.6,0.8,True,0,4,True,True,False,True,False,,False
CH,2009,3896.4,-1143.2,5039.5,2353.9,0.6,-0.2,0.8,0.5,True,0.1,4,True,True,False,False,False,,False
CH,2010,1908.2,-1790,3698.2,1357.5,0.3,-0.3,0.6,0.5,True,-2.273736754e-13,4,True,True,False,False,False,,False
CH,2011,5666,3060.4,2605.5,1343.4,0.9,0.5,0.4,0.2,True,0.1,4,True,True,False,True,False,,False
CH,2012,1322.8,2963.1,-1640.3,-954.6,0.2,0.5,-0.2,0,True,2.273736754e-13,4,True,True,True,True,False,,False
CH,2013,-3027.2,2086.4,-5113.6,-4309.7,-0.5,0.3,-0.8,0.1,True,4.547473509e-13,4,True,False,True,True,False,0.4080100125,False
CH,2014,-1492.1,2235.8,-3727.9,-2052.3,-0.2,0.3,-0.5,0,True,4.547473509e-13,4,True,False,True,True,False,0.5997478473,False
CH,2015,3248.8,1704,1544.8,478.3,0.5,0.3,0.3,0.3,True,0,4,True,True,False,True,False,,False
CH,2016,2289.1,826.2,1462.8,821.5,0.3,0.1,0.1,0.1,True,0.1,4,True,True,False,True,False,,False
CH,2017,6118.9,971.3,5147.7,2219.5,0.9,0.1,0.7,0.5,True,-0.1,4,True,True,False,True,False,,False
CH,2018,8906.4,921.1,7985.3,2786.7,1.3,0.1,1.1,0.7,True,0,4,True,True,False,True,False,,False
CH,2019,8234.7,889.3,7345.4,3452.4,1.1,0.1,1,0.6,True,1.818989404e-12,4,True,True,False,True,False,,False
CH,2020,-18704.7,1144,-19848.7,-3749.9,-2.7,0.2,-2.8,-2.1,True,0,4,True,False,True,True,True,0.05763601646,False
CH,2021,-8601.9,476,-9077.8,2919.3,-1.2,0.1,-1.2,-1.6,True,-0.1,4,True,False,True,True,True,0.05243561215,False
CH,2022,9854,5372.6,4481.4,4883.6,1.2,0.7,0.6,-0.1,True,0,4,True,True,False,True,True,,False
CH,2023,2813,4908.2,-2095.2,-128.9,0.4,0.6,-0.3,-0.2,True,0,4,True,True,True,True,True,,False
CH,2024,4519.7,5316.8,-797.1,360.6,0.5,0.6,-0.1,-0.1,True,0,4,True,True,True,True,True,,False
CY,1995,-22.1,249.8,-272,,-0.3,3.3,-3.6,-3.9,False,0.1,4,True,False,True,True,True,0.9183823529,False
CY,1996,-194.6,264.8,-459.3,,-2.4,3.3,-5.8,-6.1,False,-0.1,4,True,False,True,True,True,0.5765295014,False
CY,1997,-364.7,274.7,-639.4,,-4.4,3.3,-7.6,-7.9,False,0,4,True,False,True,True,True,0.4296215202,False
CY,1998,-293.8,311.3,-605.3,,-3.2,3.4,-6.7,-7,False,0.2,4,True,False,True,True,True,0.5142904345,False
CY,1999,-344.3,316.5,-660.8,,-3.5,3.3,-6.8,-7.1,False,5.684341886e-14,4,True,False,True,True,True,0.478964891,False
CY,2000,-190.5,322.4,-512.8,,-1.8,3,-4.8,-5.1,False,-0.1,4,True,False,True,True,True,0.6287051482,False
CY,2001,-197.9,380.3,-578.2,,-1.7,3.3,-5.1,-5.3,False,-8.526512829e-14,4,True,False,True,True,True,0.657730889,False
CY,2002,-446.5,310.5,-757,,-3.8,2.6,-6.4,-6.6,False,0,4,True,False,True,True,True,0.4101717305,False
CY,2003,-736.9,314.6,-1051.6,,-5.7,2.4,-8.2,-8.2,False,0.1,4,True,False,True,True,True,0.2991631799,False
CY,2004,-493.1,396.5,-889.7,,-3.6,2.9,-6.4,-6.4,False,0.1,4,True,False,True,True,True,0.445655839,False
CY,2005,-310.6,399,-709.6,,-2.1,2.7,-4.8,-4.8,False,0,4,True,False,True,True,True,0.5622886133,False
CY,2006,-163.9,374.4,-538.1,,-1,2.3,-3.4,-3.3,False,-0.2,4,True,False,True,True,True,0.6957814533,False
CY,2007,555,477.3,77.6,,3.2,2.7,0.4,0.6,False,0.1,4,True,True,False,True,False,,False
CY,2008,127.8,613.5,-485.8,,0.7,3.2,-2.5,-2.2,False,0.1,4,True,True,True,True,True,1.262865377,True
CY,2009,-1051.9,467.7,-1519.6,,-5.6,2.5,-8.1,-7.8,False,0,4,True,False,True,True,True,0.3077783627,False
CY,2010,-984.5,438.8,-1423.3,,-5.1,2.3,-7.3,-6.8,False,0,4,True,False,True,True,True,0.3082976182,False
CY,2011,-1179.8,379.6,-1559.5,,-5.9,1.9,-7.8,-7.4,False,0.1,4,True,False,True,True,True,0.2434113498,False
CY,2012,-2966.7,174.3,-3141,,-15.2,0.9,-16.1,-15.8,False,0,4,True,False,True,True,True,0.05549188157,False
CY,2013,-1009.2,-83,-926.3,,-5.6,-0.5,-5.1,-5.2,False,0.1,4,True,False,True,False,True,,False
CY,2014,-1538,-40.3,-1497.7,,-8.8,-0.2,-8.6,-8.6,False,0,4,True,False,True,False,True,,False
CY,2015,-137.8,12.5,-150.4,,-0.8,0.1,-0.8,-1,False,0.1,4,True,False,True,True,True,0.08311170213,False
CY,2016,86,22.4,63.7,,0.5,0.1,0.4,0.2,False,-0.1,4,True,True,False,True,False,,False
CY,2017,432.1,171.2,260.7,,2.1,0.8,1.3,0.9,False,0.2,4,True,True,False,True,False,,False
CY,2018,-734.1,259.4,-993.5,,-3.4,1.2,-4.6,-5.7,False,0,4,True,False,True,True,True,0.2610971314,False
CY,2019,240.9,660,-419.1,,1,2.8,-1.8,-2,False,-2.842170943e-14,4,True,True,True,True,True,1.57480315,True
CY,2020,-1247.7,342.2,-1589.9,,-5.6,1.5,-7.1,-7.2,False,-2.273736754e-13,4,True,False,True,True,True,0.2152336625,False
CY,2021,-407.8,279.8,-687.6,,-1.6,1.1,-2.7,-2.7,False,-1.136868377e-13,4,True,False,True,True,True,0.4069226294,False
CY,2022,795.7,546.4,249.3,,2.7,1.8,0.8,0.7,False,0,4,True,True,False,True,False,,False
CY,2023,553.4,1174.4,-621,,1.7,3.6,-1.9,-1.9,False,-1.136868377e-13,4,True,True,True,True,True,1.891143317,True
CY,2024,1439,1420.7,18.3,,4.1,4.1,0.1,0.1,False,0,4,True,True,False,True,False,,False
CY,2025,1241.5,1252.2,-10.7,,3.4,3.4,0,0,False,0,4,True,True,True,True,False,,False
CZ,1995,-197376,-4349,-193027,,-12.3,-0.3,-12.1,-14,False,0,4,True,False,True,False,True,,False
CZ,1996,-54777,-4420,-50357,,-3,-0.2,-2.7,-5,False,0,4,True,False,True,False,True,,False
CZ,1997,-62178,-1151,-61027,,-3.1,-0.1,-3.1,-2.6,False,0,4,True,False,True,False,True,,False
CZ,1998,-89762,-1147,-88615,,-4.1,-0.1,-4.1,-4.6,False,0,4,True,False,True,False,True,,False
CZ,1999,-69842,524,-70366,,-3.1,0,-3.1,-3.2,False,0,4,True,False,True,True,True,0.007446778274,False
CZ,2000,-85116,3883,-88999,,-3.5,0.2,-3.7,-3.2,False,0,4,True,False,True,True,True,0.0436297037,False
CZ,2001,-149203,-2681,-146522,,-5.8,-0.1,-5.6,-5.2,False,0,4,True,False,True,False,True,,False
CZ,2002,-171596,-6184,-165412,,-6.3,-0.2,-6.1,-5.7,False,0,4,True,False,True,False,True,,False
CZ,2003,-194777,-4504,-190273,,-6.9,-0.2,-6.7,-6.3,False,0,4,True,False,True,False,True,,False
CZ,2004,-74261,-2553,-71708,,-2.4,-0.1,-2.3,-2.3,False,0,4,True,False,True,False,True,,False
CZ,2005,-100666,-94,-100572,,-3.1,0,-3.1,-3,False,0,4,True,False,True,False,True,,False
CZ,2006,-77165,11803,-88968,,-2.2,0.3,-2.5,-2.2,False,0,4,True,False,True,True,True,0.1326656775,False
CZ,2007,-26144,16112,-42256,,-0.7,0.4,-1.1,-1.4,False,0,4,True,False,True,True,True,0.381294964,False
CZ,2008,-80705,10042,-90747,,-2,0.2,-2.3,-2.1,False,0,4,True,False,True,True,True,0.1106593055,False
CZ,2009,-215277,-10649,-204628,,-5.5,-0.3,-5.2,-4.6,False,0,4,True,False,True,False,True,,False
CZ,2010,-167132,-8719,-158413,,-4.1,-0.2,-4,-3.6,False,0,4,True,False,True,False,True,,False
CZ,2011,-111059,-6926,-104133,,-2.7,-0.2,-2.6,-2.3,False,0,4,True,False,True,False,True,,False
CZ,2012,-161338,-6828,-154510,,-3.9,-0.2,-3.8,-3.7,False,0,4,True,False,True,False,True,,False
CZ,2013,-54135,915,-55050,,-1.3,0,-1.3,-1.6,False,0,4,True,False,True,True,True,0.01662125341,False
CZ,2014,-91652,-2693,-88959,,-2.1,-0.1,-2,-2.2,False,0,4,True,False,True,False,True,,False
CZ,2015,-30969,1913,-32882,,-0.7,0,-0.7,-1.3,False,0,4,True,False,True,True,True,0.05817772642,False
CZ,2016,33169,4886,28283,,0.7,0.1,0.6,-0.4,False,0,4,True,True,False,True,True,,False
CZ,2017,75634,8182,67452,,1.5,0.2,1.3,0.5,False,0,4,True,True,False,True,False,,False
CZ,2018,48269,16646,31623,,0.9,0.3,0.5,0.1,False,0,4,True,True,False,True,False,,False
CZ,2019,16651,11391,5260,,0.3,0.2,0.1,-0.5,False,0,4,True,True,False,True,True,,False
CZ,2020,-329285,-11661,-317624,,-5.6,-0.2,-5.4,-5.9,False,0,4,True,False,True,False,True,,False
CZ,2021,-312308,-9272,-303036,,-5,-0.1,-4.8,-5.7,False,0,4,True,False,True,False,True,,False
CZ,2022,-216345,398,-216743,,-3.1,0,-3.1,-4,False,0,4,True,False,True,True,True,0.001836276143,False
CZ,2023,-286066,-4302,-281764,,-3.7,-0.1,-3.7,-4.5,False,0,4,True,False,True,False,True,,False
CZ,2024,-163345,-18081,-145264,,-2,-0.2,-1.8,-2.6,False,0,4,True,False,True,False,True,,False
CZ,2025,-183744,-15341,-168403,,-2.1,-0.2,-2,-2.3,False,0,4,True,False,True,False,True,,False
DE,1995,-179290,-6770,-172520,-25937,-9.4,-0.4,-9.1,-7.5,True,0,4,True,False,True,False,True,,False
DE,1996,-70169,-7074,-63095,-25372,-3.6,-0.4,-3.3,-1.8,True,0,4,True,False,True,False,True,,False
DE,1997,-59551,669,-60220,-25402,-3,0,-3.1,-1.6,True,0,4,True,False,True,True,True,0.01110926602,False
DE,1998,-53582,1292,-54874,-18103,-2.6,0.1,-2.7,-1.8,True,0,4,True,False,True,True,True,0.0235448482,False
DE,1999,-38771,4014,-42785,-13290,-1.9,0.2,-2,-1.4,True,0,4,True,False,True,True,True,0.09381792684,False
DE,2000,-36509,-1063,-35446,-11352,-1.7,0,-1.6,-1.1,True,0,4,True,False,True,False,True,,False
DE,2001,-68602,-5168,-63434,-31327,-3.1,-0.2,-2.8,-1.1,True,0,4,True,False,True,False,True,,False
DE,2002,-90850,-6976,-83874,-35271,-4.1,-0.3,-3.8,-1.7,True,0,4,True,False,True,False,True,,False
DE,2003,-85812,-5998,-79814,-35702,-3.8,-0.3,-3.6,-1.4,True,0,4,True,False,True,False,True,,False
DE,2004,-78445,-261,-78184,-29155,-3.4,0,-3.4,-1.8,True,0,4,True,False,True,False,True,,False
DE,2005,-78396,-3732,-74664,-23905,-3.4,-0.2,-3.2,-2,True,0,4,True,False,True,False,True,,False
DE,2006,-42584,5171,-47755,-12839,-1.8,0.2,-2,-1.4,True,0,4,True,False,True,True,True,0.1082818553,False
DE,2007,3937,10272,-6335,2009,0.2,0.4,-0.3,-0.6,True,0,4,True,True,True,True,True,,False
DE,2008,-6809,6584,-13393,-3269,-0.3,0.3,-0.4,-0.5,True,0,4,True,False,True,True,True,,False
DE,2009,-79207,-14341,-64866,-20026,-3.2,-0.6,-2.6,-1.5,True,0,4,True,False,True,False,True,,False
DE,2010,-115620,3911,-119531,-21861,-4.4,0.1,-4.6,-3.4,True,0,4,True,False,True,True,True,0.03271954556,False
DE,2011,-23074,15512,-38586,-10688,-0.8,0.6,-1.4,-0.9,True,0,4,True,False,True,True,True,0.4020110921,False
DE,2012,-1521,18706,-20227,-5644,-0.1,0.7,-0.7,-0.6,True,0,4,True,False,True,True,True,0.9248034805,False
DE,2013,3512,5725,-2213,-2356,0.1,0.2,-0.1,0,True,0,4,True,True,True,True,False,,False
DE,2014,21832,3399,18433,1864,0.7,0.1,0.7,0.6,True,0,4,True,True,False,True,False,,False
DE,2015,28239,3007,25232,4641,0.9,0.1,0.9,0.6,True,0,4,True,True,False,True,False,,False
DE,2016,36237,8547,27690,7309,1.1,0.3,0.9,0.5,True,0,4,True,True,False,True,False,,False
DE,2017,44571,10942,33629,13076,1.3,0.3,1,0.3,True,0,4,True,True,False,True,False,,False
DE,2018,64667,15749,48918,10735,1.9,0.5,1.5,0.7,True,0,4,True,True,False,True,False,,False
DE,2019,46949,8930,38019,12856,1.3,0.3,1.1,0.5,True,0,4,True,True,False,True,False,,False
DE,2020,-151131,-34867,-116264,-31299,-4.4,-1,-3.3,-2.6,True,0,4,True,False,True,False,True,,False
DE,2021,-116630,2436,-119066,6508,-3.2,0.1,-3.2,-3.6,True,0,4,True,False,True,True,True,0.02045924109,False
DE,2022,-76138,8781,-84919,19417,-1.9,0.2,-2.1,-2.8,True,0,4,True,False,True,True,True,0.1034044207,False
DE,2023,-105249,8795,-114044,-7789,-2.5,0.2,-2.7,-2.2,True,0,4,True,False,True,True,True,0.07711935744,False
DE,2024,-115295,-11824,-103471,-21599,-2.7,-0.3,-2.4,-1.4,True,0,4,True,False,True,False,True,,False
DE,2025,-119147,-1734,-117413,-9772,-2.7,0,-2.6,-1.8,True,0,4,True,False,True,False,True,,False
DK,1995,-36292,43,-36335,,-3.5,0,-3.5,-3.7,False,0,4,True,False,True,True,True,0.001183431953,False
DK,1996,-26061,103,-26163,,-2.4,0,-2.4,-2.1,False,-1,4,True,False,True,True,True,0.003936857394,False
DK,1997,-13953,239,-14192,,-1.2,0,-1.3,-1,False,0,4,True,False,True,True,True,0.01684047351,False
DK,1998,-3353,400,-3753,,-0.3,0,-0.3,-0.1,False,0,4,True,False,True,True,True,,False
DK,1999,13200,6820,6380,,1.1,0.5,0.5,0.3,False,0,4,True,True,False,True,False,,False
DK,2000,23758,7413,16345,,1.8,0.6,1.2,1.3,False,0,4,True,True,False,True,False,,False
DK,2001,15440,7884,7556,,1.1,0.6,0.6,0.7,False,0,4,True,True,False,True,False,,False
DK,2002,3552,99,3453,,0.3,0,0.2,0.5,False,0,4,True,True,False,True,False,,False
DK,2003,2004,465,1540,,0.1,0,0.1,0.7,False,-1,4,True,True,False,True,False,,False
DK,2004,33738,493,33245,,2.2,0,2.2,2.1,False,0,4,True,True,False,True,False,,False
DK,2005,82711,717,81994,,5.2,0,5.1,5.6,False,0,4,True,True,False,True,False,,False
DK,2006,89090,667,88422,,5.3,0,5.3,5.5,False,1,4,True,True,False,True,False,,False
DK,2007,92523,376,92146,,5.3,0,5.3,5.5,False,1,4,True,True,False,True,False,,False
DK,2008,62661,109,62552,,3.5,0,3.4,3.8,False,0,4,True,True,False,True,False,,False
DK,2009,-47496,-1047,-46449,,-2.7,-0.1,-2.7,-2.1,False,0,4,True,False,True,False,True,,False
DK,2010,-45695,366,-46061,,-2.5,0,-2.6,-2.5,False,0,4,True,False,True,True,True,0.007945984672,False
DK,2011,-32636,662,-33297,,-1.8,0,-1.8,-1.9,False,-1,4,True,False,True,True,True,0.01988167102,False
DK,2012,-60620,441,-61062,,-3.2,0,-3.2,-3.3,False,1,4,True,False,True,True,True,0.007222167633,False
DK,2013,-18265,16,-18282,,-0.9,0,-1,-1.2,False,1,4,True,False,True,True,True,0.0008751777705,False
DK,2014,28278,437,27842,,1.4,0,1.4,1.2,False,-1,4,True,True,False,True,False,,False
DK,2015,-18171,364,-18535,,-0.9,0,-1,-1.2,False,0,4,True,False,True,True,True,0.01963852172,False
DK,2016,6355,267,6088,,0.3,0,0.3,-0.1,False,0,4,True,True,False,True,True,,False
DK,2017,36983,22,36961,,1.7,0,1.7,1.5,False,0,4,True,True,False,True,False,,False
DK,2018,18182,-86,18267,,0.8,0,0.8,0.8,False,1,4,True,True,False,False,False,,False
DK,2019,98663,49,98614,,4.3,0,4.3,4.1,False,0,4,True,True,False,True,False,,False
DK,2020,8434,370,8065,,0.4,0,0.4,0.1,False,-1,4,True,True,False,True,False,,False
DK,2021,104126,1228,102898,,4.1,0,4,3.8,False,0,4,True,True,False,True,False,,False
DK,2022,95960,349,95611,,3.4,0,3.4,3.3,False,0,4,True,True,False,True,False,,False
DK,2023,97513,280,97233,,3.5,0,3.5,3.3,False,0,4,True,True,False,True,False,,False
DK,2024,123505,412,123092,,4.2,0,4.2,3.8,False,1,4,True,True,False,True,False,,False
DK,2025,90924,55,90869,,3,0,2.9,2.9,False,0,4,True,True,False,True,False,,False
EE,1995,30,20.5,9.5,,1,0.7,0.3,0.4,False,0,4,True,True,False,True,False,,False
EE,1996,-12.8,12,-24.8,,-0.3,0.3,-0.7,-0.2,False,-3.552713679e-15,4,True,False,True,True,True,0.4838709677,False
EE,1997,97,20,77,,2.1,0.4,1.7,1.7,False,0,4,True,True,False,True,False,,False
EE,1998,-38.6,-6.6,-31.9,,-0.8,-0.1,-0.7,-0.5,False,-0.1,4,True,False,True,False,True,,False
EE,1999,-178.4,-13.7,-164.7,,-3.3,-0.3,-3.1,-2.8,False,-2.842170943e-14,4,True,False,True,False,True,,False
EE,2000,-4.2,1.4,-5.6,,-0.1,0,-0.1,0.2,False,8.881784197e-16,4,True,False,True,True,False,,False
EE,2001,18.7,16.4,2.4,,0.3,0.2,0,0.4,False,-0.1,4,True,True,False,True,False,,False
EE,2002,34.9,56.9,-22,,0.4,0.7,-0.3,0.2,False,0,4,True,True,True,True,False,,False
EE,2003,158.2,42.2,115.9,,1.8,0.5,1.3,1.6,False,0.1,4,True,True,False,True,False,,False
EE,2004,236.2,33.8,202.3,,2.4,0.3,2.1,2.7,False,0.1,4,True,True,False,True,False,,False
EE,2005,131.9,51.7,80.2,,1.2,0.5,0.7,1,False,2.842170943e-14,4,True,True,False,True,False,,False
EE,2006,386.4,79.2,307.2,,2.8,0.6,2.3,2.5,False,0,4,True,True,False,True,False,,False
EE,2007,441.1,92.1,349,,2.7,0.6,2.1,2.6,False,0,4,True,True,False,True,False,,False
EE,2008,-439.4,36.8,-476.1,,-2.6,0.2,-2.8,-2.2,False,-0.1,4,True,False,True,True,True,0.07729468599,False
EE,2009,-386,-93.6,-292.4,,-2.7,-0.7,-2.1,-1.6,False,0,4,True,False,True,False,True,,False
EE,2010,-62.1,82,-144.1,,-0.4,0.6,-1,-1.2,False,2.131628207e-14,4,True,False,True,True,True,0.5690492713,False
EE,2011,104.2,147.4,-43.3,,0.6,0.9,-0.3,-0.4,False,0.1,4,True,True,True,True,True,,False
EE,2012,-71,122.6,-193.6,,-0.4,0.7,-1.1,-0.8,False,2.842170943e-14,4,True,False,True,True,True,0.6332644628,False
EE,2013,-41.7,64.4,-106.1,,-0.2,0.3,-0.6,-0.1,False,-1.421085472e-14,4,True,False,True,True,True,0.6069745523,False
EE,2014,175.4,63.4,112,,0.9,0.3,0.6,0.7,False,2.842170943e-14,4,True,True,False,True,False,,False
EE,2015,52.3,23.4,28.9,,0.2,0.1,0.1,0,False,0,4,True,True,False,True,False,,False
EE,2016,-19.1,9.1,-28.2,,-0.1,0,-0.1,-0.2,False,0,4,True,False,True,True,True,,False
EE,2017,-127.9,56.4,-184.2,,-0.5,0.2,-0.8,-0.5,False,-0.1,4,True,False,True,True,True,0.3061889251,False
EE,2018,-152.6,66.6,-219.3,,-0.6,0.3,-0.8,-1,False,0.1,4,True,False,True,True,True,0.3036935705,False
EE,2019,-31.1,74.1,-105.1,,-0.1,0.3,-0.4,-0.1,False,-0.1,4,True,False,True,True,True,,False
EE,2020,-1511,-316.3,-1194.6,,-5.4,-1.1,-4.3,-4.2,False,-0.1,4,True,False,True,False,True,,False
EE,2021,-796,136.6,-932.6,,-2.5,0.4,-3,-2.6,False,-1.136868377e-13,4,True,False,True,True,True,0.1464722282,False
EE,2022,-329.2,189.6,-518.9,,-0.9,0.5,-1.4,-1.1,False,0.1,4,True,False,True,True,True,0.3653883214,False
EE,2023,-1020.1,173.5,-1193.6,,-2.7,0.5,-3.1,-2.5,False,1.136868377e-13,4,True,False,True,True,True,0.1453585791,False
EE,2024,-458,37.1,-495,,-1.1,0.1,-1.2,-0.8,False,-0.1,4,True,False,True,True,True,0.07494949495,False
EE,2025,-825,-68.9,-756.1,,-2,-0.2,-1.8,-1.6,False,0,4,True,False,True,False,True,,False
EL,1995,-9056,1639,-10695,,-9.9,1.8,-11.7,-11.7,False,0,4,True,False,True,True,True,0.1532491819,False
EL,1996,-8406,2070,-10476,,-8.4,2.1,-10.5,-10.5,False,0,4,True,False,True,True,True,0.1975945017,False
EL,1997,-6947,2163,-9110,,-6.2,1.9,-8.2,-8.2,False,0,4,True,False,True,True,True,0.2374313941,False
EL,1998,-7852,2044,-9896,,-6.5,1.7,-8.2,-8.1,False,0,4,True,False,True,True,True,0.2065481002,False
EL,1999,-7751,2042,-9793,,-6,1.6,-7.6,-7.7,False,0,4,True,False,True,True,True,0.2085162871,False
EL,2000,-5739,2608,-8347,,-4.2,1.9,-6.1,-6.1,False,0,4,True,False,True,True,True,0.312447586,False
EL,2001,-8319,2162,-10481,,-5.6,1.5,-7.1,-7.3,False,0,4,True,False,True,True,True,0.2062780269,False
EL,2002,-9847,3418,-13265,,-6.2,2.2,-8.3,-8.3,False,0,4,True,False,True,True,True,0.2576705616,False
EL,2003,-14009,3717,-17726,,-8,2.1,-10.1,-10.2,False,0,4,True,False,True,True,True,0.2096919779,False
EL,2004,-17101,3515,-20616,,-9.1,1.9,-10.9,-10.8,False,0,4,True,False,True,True,True,0.1704986418,False
EL,2005,-12329,2036,-14365,,-6.3,1,-7.4,-7.4,False,0,4,True,False,True,True,True,0.1417333797,False
EL,2006,-12954,1516,-14470,,-6,0.7,-6.7,-6.7,False,0,4,True,False,True,True,True,0.1047684865,False
EL,2007,-15607,1371,-16978,,-6.8,0.6,-7.4,-7.4,False,0,4,True,False,True,True,True,0.08075156084,False
EL,2008,-24625,2149,-26774,,-10.3,0.9,-11.2,-11.2,False,0,4,True,False,True,True,True,0.08026443565,False
EL,2009,-36141,-115,-36026,,-15.4,0,-15.4,-15.4,False,0,4,True,False,True,False,True,,False
EL,2010,-25544,-520,-25024,,-11.4,-0.2,-11.2,-10.9,False,0,4,True,False,True,False,True,,False
EL,2011,-21364,-2457,-18907,,-10.5,-1.2,-9.3,-9.5,False,0,4,True,False,True,False,True,,False
EL,2012,-17311,-1724,-15587,,-9.3,-0.9,-8.4,-8.7,False,0,4,True,False,True,False,True,,False
EL,2013,-24218,3075,-27293,,-13.6,1.7,-15.4,-15.8,False,0,4,True,False,True,True,True,0.1126662514,False
EL,2014,-6642,715,-7357,,-3.8,0.4,-4.2,-4.5,False,0,4,True,False,True,True,True,0.09718635313,False
EL,2015,-10356,-959,-9397,,-5.9,-0.5,-5.3,-5.6,False,0,4,True,False,True,False,True,,False
EL,2016,368,1527,-1159,,0.2,0.9,-0.7,-1,False,0,4,True,True,True,True,True,1.317515099,True
EL,2017,1283,2633,-1350,,0.7,1.5,-0.7,-1.1,False,0,4,True,True,True,True,True,1.95037037,True
EL,2018,1628,3256,-1628,,0.9,1.8,-0.9,-1.3,False,0,4,True,True,True,True,True,2,True
EL,2019,1525,1268,257,,0.8,0.7,0.1,0.1,False,0,4,True,True,False,True,False,,False
EL,2020,-16598,581,-17179,,-9.9,0.3,-10.3,-10.3,False,0,4,True,False,True,True,True,0.03382036207,False
EL,2021,-13365,1600,-14965,,-7.2,0.9,-8.1,-8,False,0,4,True,False,True,True,True,0.1069161377,False
EL,2022,-5324,2743,-8067,,-2.6,1.3,-3.9,-3.7,False,0,4,True,False,True,True,True,0.3400272716,False
EL,2023,-3213,937,-4150,,-1.4,0.4,-1.9,-1.6,False,0,4,True,False,True,True,True,0.2257831325,False
EL,2024,3189,1101,2088,,1.3,0.5,0.9,0.9,False,0,4,True,True,False,True,False,,False
EL,2025,4290,1758,2532,,1.7,0.7,1,0.9,False,0,4,True,True,False,True,False,,False
ES,1995,-31267,-2620,-28647,-2842,-6.8,-0.6,-6.2,-5.6,True,0,4,True,False,True,False,True,,False
ES,1996,-28681,-5093,-23588,-3061,-5.9,-1,-4.8,-4.2,True,0,4,True,False,True,False,True,,False
ES,1997,-20028,-3281,-16747,-1596,-3.9,-0.6,-3.2,-2.9,True,0,4,True,False,True,False,True,,False
ES,1998,-14594,-1615,-12979,-2120,-2.6,-0.3,-2.4,-2,True,0,4,True,False,True,False,True,,False
ES,1999,-7382,970,-8352,-1040,-1.2,0.2,-1.4,-1.2,True,0,4,True,False,True,True,True,0.1161398467,False
ES,2000,-7520,2989,-10509,-3226,-1.2,0.5,-1.6,-1.2,True,0,4,True,False,True,True,True,0.2844228756,False
ES,2001,-3189,5765,-8954,-4345,-0.5,0.8,-1.2,-0.6,True,0,4,True,False,True,True,True,0.6438463257,False
ES,2002,-2356,6028,-8384,-3668,-0.3,0.8,-1.1,-0.5,True,0,4,True,False,True,True,True,0.7189885496,False
ES,2003,-3009,7964,-10973,-3843,-0.4,1,-1.4,-0.7,True,0,4,True,False,True,True,True,0.7257814636,False
ES,2004,-941,8590,-9531,-702,-0.1,1,-1.1,-1,True,0,4,True,False,True,True,True,0.9012695415,False
ES,2005,11421,10075,1346,-2754,1.2,1.1,0.1,0.5,True,0,4,True,True,False,True,False,,False
ES,2006,21322,13096,8226,-649,2.1,1.3,0.8,0.8,True,0,4,True,True,False,True,False,,False
ES,2007,20287,13842,6445,-3479,1.9,1.3,0.6,1.2,True,0,4,True,True,False,True,False,,False
ES,2008,-50731,7419,-58150,-19159,-4.6,0.7,-5.2,-3,True,0,4,True,False,True,True,True,0.1275838349,False
ES,2009,-120576,7629,-128205,-21904,-11.2,0.7,-12,-9.4,True,0,4,True,False,True,True,True,0.05950625951,False
ES,2010,-102193,-2669,-99524,-40398,-9.5,-0.2,-9.3,-4.8,True,0,4,True,False,True,False,True,,False
ES,2011,-103575,-1242,-102333,-54861,-9.7,-0.1,-9.5,-3.6,True,0,4,True,False,True,False,True,,False
ES,2012,-119094,-10015,-109079,-20613,-11.5,-1,-10.6,-8.9,True,0,4,True,False,True,False,True,,False
ES,2013,-76805,-11349,-65456,-16376,-7.5,-1.1,-6.3,-5.3,True,0,4,True,False,True,False,True,,False
ES,2014,-62716,-10607,-52109,-18701,-6,-1,-5,-3.7,True,0,4,True,False,True,False,True,,False
ES,2015,-57248,-12853,-44395,-18848,-5.3,-1.2,-4.1,-2.8,True,0,4,True,False,True,False,True,,False
ES,2016,-47401,-17401,-30000,-9462,-4.2,-1.5,-2.7,-2.5,True,0,4,True,False,True,False,True,,False
ES,2017,-35903,-16775,-19128,-4047,-3.1,-1.4,-1.6,-1.9,True,0,4,True,False,True,False,True,,False
ES,2018,-30943,-17310,-13633,-3188,-2.6,-1.4,-1.2,-1.4,True,0,4,True,False,True,False,True,,False
ES,2019,-38422,-15860,-22562,-7403,-3.1,-1.3,-1.8,-1.5,True,0,4,True,False,True,False,True,,False
ES,2020,-111897,-26668,-85229,-2168,-9.9,-2.4,-7.6,-7.6,True,0,4,True,False,True,False,True,,False
ES,2021,-82174,-11706,-70468,-337,-6.7,-0.9,-5.7,-6,True,0,4,True,False,True,False,True,,False
ES,2022,-63105,-5916,-57189,-15201,-4.6,-0.4,-4.2,-3,True,0,4,True,False,True,False,True,,False
ES,2023,-50027,-8273,-41754,-12227,-3.3,-0.6,-2.8,-2,True,0,4,True,False,True,False,True,,False
ES,2024,-51267,-8218,-43049,-3235,-3.2,-0.5,-2.7,-2.9,True,0,4,True,False,True,False,True,,False
ES,2025,-40330,-5580,-34750,-6650,-2.4,-0.3,-2.1,-2,True,0,4,True,False,True,False,True,,False
FI,1995,-5742,3726,-9468,,-5.8,3.8,-9.6,-11,False,0,4,True,False,True,True,True,0.3935361217,False
FI,1996,-3206,3398,-6604,,-3.1,3.3,-6.5,-7.5,False,0,4,True,False,True,True,True,0.5145366445,False
FI,1997,-1303,3246,-4549,,-1.2,2.9,-4.1,-3.6,False,0,4,True,False,True,True,True,0.7135634205,False
FI,1998,2018,4031,-2013,,1.7,3.3,-1.6,-1.4,False,0,4,True,True,True,True,True,2.002483855,True
FI,1999,2137,3786,-1649,,1.7,3,-1.3,-1.1,False,0,4,True,True,True,True,True,2.295936931,True
FI,2000,9395,5595,3800,,6.9,4.1,2.8,2.6,False,0,4,True,True,False,True,False,,False
FI,2001,7201,5803,1398,,5,4,1,1.4,False,0,4,True,True,False,True,False,,False
FI,2002,6062,5236,826,,4.1,3.5,0.5,0.9,False,0,4,True,True,False,True,False,,False
FI,2003,3703,4623,-920,,2.4,3,-0.6,0.1,False,0,4,True,True,True,True,False,5.025,True
FI,2004,3516,4848,-1332,,2.2,3.1,-0.9,-0.1,False,0,4,True,True,True,True,True,3.63963964,True
FI,2005,4379,5498,-1119,,2.7,3.3,-0.7,0,False,0,4,True,True,True,True,False,4.91331546,True
FI,2006,6894,7754,-860,,4,4.5,-0.5,-0.2,False,0,4,True,True,True,True,True,9.01627907,True
FI,2007,9562,8165,1397,,5.1,4.4,0.7,0.9,False,0,4,True,True,False,True,False,,False
FI,2008,8119,7880,239,,4.2,4.1,0.1,0.5,False,0,4,True,True,False,True,False,,False
FI,2009,-4510,4875,-9385,,-2.5,2.7,-5.1,-4.5,False,0,4,True,False,True,True,True,0.5194459243,False
FI,2010,-4844,5571,-10415,,-2.6,3,-5.5,-5.3,False,0,4,True,False,True,True,True,0.5349015843,False
FI,2011,-2002,5418,-7420,,-1,2.7,-3.7,-3.2,False,0,4,True,False,True,True,True,0.7301886792,False
FI,2012,-4310,5172,-9482,,-2.2,2.6,-4.7,-3.7,False,0,4,True,False,True,True,True,0.5454545455,False
FI,2013,-5132,3834,-8966,,-2.5,1.9,-4.4,-3.7,False,0,4,True,False,True,True,True,0.4276154361,False
FI,2014,-6165,3064,-9229,,-3,1.5,-4.5,-3.8,False,0,4,True,False,True,True,True,0.3319969661,False
FI,2015,-5101,2502,-7603,,-2.4,1.2,-3.6,-3,False,0,4,True,False,True,True,True,0.3290806261,False
FI,2016,-3670,2909,-6579,,-1.7,1.3,-3,-2.6,False,0,4,True,False,True,True,True,0.4421644627,False
FI,2017,-1414,3011,-4425,,-0.6,1.3,-2,-1.8,False,0,4,True,False,True,True,True,0.6804519774,False
FI,2018,-2022,2983,-5005,,-0.9,1.3,-2.2,-1.3,False,0,4,True,False,True,True,True,0.596003996,False
FI,2019,-2228,3421,-5649,,-0.9,1.4,-2.4,-1.1,False,0,4,True,False,True,True,True,0.6055939104,False
FI,2020,-13082,18,-13100,,-5.5,0,-5.5,-5.5,False,0,4,True,False,True,True,True,0.001374045802,False
FI,2021,-6598,2411,-9009,,-2.7,1,-3.6,-3.3,False,0,4,True,False,True,True,True,0.2676212676,False
FI,2022,-477,3496,-3973,,-0.2,1.3,-1.5,-1.4,False,0,4,True,False,True,True,True,0.8799395922,False
FI,2023,-7810,4118,-11928,,-2.9,1.5,-4.4,-3.4,False,0,4,True,False,True,True,True,0.3452380952,False
FI,2024,-11992,885,-12877,,-4.3,0.3,-4.7,-3.7,False,0,4,True,False,True,True,True,0.06872718801,False
FI,2025,-10814,1631,-12445,,-3.9,0.6,-4.5,-4.2,False,0,4,True,False,True,True,True,0.1310566493,False
FR,1995,-62038.7,-8870.2,-53168.5,,-5.1,-0.7,-4.4,-4.1,False,0,4,True,False,True,False,True,,False
FR,1996,-48584,-4822.9,-43761.1,,-3.9,-0.4,-3.5,-3.4,False,0,4,True,False,True,False,True,,False
FR,1997,-47865.3,-3043.8,-44821.5,,-3.7,-0.2,-3.5,-3.6,False,0,4,True,False,True,False,True,,False
FR,1998,-32194.7,-144.5,-32050.2,,-2.4,0,-2.4,-2.6,False,3.637978807e-12,4,True,False,True,False,True,,False
FR,1999,-21544.3,5874.2,-27418.5,,-1.5,0.4,-2,-2.2,False,0,4,True,False,True,True,True,0.2142422087,False
FR,2000,-19342.2,11354.9,-30697.1,,-1.3,0.8,-2.1,-2.2,False,3.637978807e-12,4,True,False,True,True,True,0.3699013913,False
FR,2001,-21686.6,10276.8,-31963.4,,-1.4,0.7,-2,-2.1,False,0,4,True,False,True,True,True,0.3215177359,False
FR,2002,-50120.9,3020.7,-53141.6,,-3.2,0.2,-3.4,-3.5,False,0,4,True,False,True,True,True,0.05684247369,False
FR,2003,-66317,-4629.9,-61687.1,,-4.1,-0.3,-3.8,-3.8,False,0,4,True,False,True,False,True,,False
FR,2004,-60299.8,-11461.3,-48838.5,,-3.6,-0.7,-2.9,-2.7,False,0,4,True,False,True,False,True,,False
FR,2005,-61801.4,-9285.6,-52515.8,,-3.5,-0.5,-3,-2.8,False,0,4,True,False,True,False,True,,False
FR,2006,-49062.6,1102.5,-50165.1,,-2.7,0.1,-2.7,-2.5,False,7.275957614e-12,4,True,False,True,True,True,0.02197743052,False
FR,2007,-57935.7,2244.5,-60180.2,,-3,0.1,-3.1,-2.7,False,0,4,True,False,True,True,True,0.03729632005,False
FR,2008,-69690.1,11971.7,-81661.8,,-3.5,0.6,-4.1,-3.6,False,0,4,True,False,True,True,True,0.1466009811,False
FR,2009,-142833.9,-17137.5,-125696.4,,-7.4,-0.9,-6.5,-6.2,False,2.910383046e-11,4,True,False,True,False,True,,False
FR,2010,-142760.5,-25787.9,-116972.6,,-7.2,-1.3,-5.9,-5.8,False,0,4,True,False,True,False,True,,False
FR,2011,-109385.5,-14664.1,-94721,,-5.3,-0.7,-4.6,-4.5,False,-0.4,4,True,False,True,False,True,,False
FR,2012,-107987.2,-14545.2,-93442,,-5.2,-0.7,-4.4,-4.2,False,0,4,True,False,True,False,True,,False
FR,2013,-104711.8,-10817,-93894.8,,-4.9,-0.5,-4.4,-4,False,0,4,True,False,True,False,True,,False
FR,2014,-98504,-9131,-89373,,-4.6,-0.4,-4.2,-3.9,False,0,4,True,False,True,False,True,,False
FR,2015,-85681,-5661,-80020,,-3.9,-0.3,-3.6,-3.6,False,0,4,True,False,True,False,True,,False
FR,2016,-84025.2,-4385,-79640.2,,-3.8,-0.2,-3.6,-3.7,False,0,4,True,False,True,False,True,,False
FR,2017,-77057.7,3408,-80465.7,,-3.4,0.1,-3.5,-3.6,False,0,4,True,False,True,True,True,0.04235344998,False
FR,2018,-54616.2,9215,-63831.2,,-2.3,0.4,-2.7,-2.8,False,0,4,True,False,True,True,True,0.1443651381,False
FR,2019,-58225.5,12086.8,-70312.3,,-2.4,0.5,-2.9,-2.8,False,0,4,True,False,True,True,True,0.1719016445,False
FR,2020,-207084.4,-48303.6,-158780.8,,-8.9,-2.1,-6.9,-6.7,False,0,4,True,False,True,False,True,,False
FR,2021,-165149.3,-19710.9,-145438.4,,-6.6,-0.8,-5.8,-5.8,False,2.910383046e-11,4,True,False,True,False,True,,False
FR,2022,-125895.8,8500.4,-134396.2,,-4.7,0.3,-5,-5,False,1.455191523e-11,4,True,False,True,True,True,0.06324881209,False
FR,2023,-151920.3,11845.6,-163765.9,,-5.4,0.4,-5.8,-5.4,False,0,4,True,False,True,True,True,0.07233251855,False
FR,2024,-169118.1,1140.1,-170258.2,,-5.8,0,-5.8,-5.2,False,-2.910383046e-11,4,True,False,True,True,True,0.00669630009,False
FR,2025,-152511.1,-6717.9,-145793.2,,-5.1,-0.2,-4.8,-4.3,False,0,4,True,False,True,False,True,,False
HR,1995,-77.6,50.3,-127.9,,-0.5,0.3,-0.8,-0.7,False,1.421085472e-14,4,True,False,True,True,True,0.3932759969,False
HR,1996,-844.8,-14,-830.8,,-4.9,-0.1,-4.8,-4.9,False,1.136868377e-13,4,True,False,True,False,True,,False
HR,1997,265.7,111.4,154.2,,1.4,0.6,0.8,0.9,False,0.1,4,True,True,False,True,False,,False
HR,1998,-178.6,75.9,-254.5,,-0.8,0.3,-1.2,-1.1,False,0,4,True,False,True,True,True,0.2982318271,False
HR,1999,-1950.3,-376,-1574.4,,-8.7,-1.7,-7,-6.6,False,0.1,4,True,False,True,False,True,,False
HR,2000,-2112,-214.1,-1897.9,,-8.8,-0.9,-8,-8,False,0,4,True,False,True,False,True,,False
HR,2001,-1174.3,18,-1192.2,,-4.6,0.1,-4.7,-4.8,False,-0.1,4,True,False,True,True,True,0.0150981379,False
HR,2002,-1298.9,-459,-839.9,,-4.6,-1.6,-3,-3.4,False,0,4,True,False,True,False,True,,False
HR,2003,-1431.8,-69.3,-1362.5,,-4.6,-0.2,-4.4,-4.2,False,0,4,True,False,True,False,True,,False
HR,2004,-1927.9,-118.8,-1809,,-5.7,-0.4,-5.4,-5.1,False,-0.1,4,True,False,True,False,True,,False
HR,2005,-1097,-45.8,-1051.3,,-3,-0.1,-2.9,-2.4,False,0.1,4,True,False,True,False,True,,False
HR,2006,-731.2,11.6,-742.8,,-1.9,0,-1.9,-1.7,False,0,4,True,False,True,True,True,0.01561658589,False
HR,2007,-913.1,134.4,-1047.5,,-2.1,0.3,-2.4,-2.2,False,0,4,True,False,True,True,True,0.1283054893,False
HR,2008,-1082.2,-3.1,-1079.1,,-2.3,0,-2.4,-2.2,False,0,4,True,False,True,False,True,,False
HR,2009,-3122.9,-9.2,-3113.7,,-7,0,-7,-6.2,False,0,4,True,False,True,False,True,,False
HR,2010,-2947.8,-14.2,-2933.6,,-6.6,0,-6.6,-6.6,False,-4.547473509e-13,4,True,False,True,False,True,,False
HR,2011,-3422.8,-67.1,-3355.7,,-7.6,-0.1,-7.4,-7.3,False,0,4,True,False,True,False,True,,False
HR,2012,-2447.9,-192.1,-2255.8,,-5.5,-0.4,-5,-5.1,False,-4.547473509e-13,4,True,False,True,False,True,,False
HR,2013,-2471.7,213.5,-2685.3,,-5.5,0.5,-6,-6,False,0.1,4,True,False,True,True,True,0.07950694522,False
HR,2014,-2301.7,-195.8,-2105.9,,-5.1,-0.4,-4.7,-4.8,False,4.547473509e-13,4,True,False,True,False,True,,False
HR,2015,-1598.9,-255.2,-1343.7,,-3.5,-0.6,-3,-3.1,False,0,4,True,False,True,False,True,,False
HR,2016,-492.8,80.1,-572.9,,-1,0.2,-1.2,-1.2,False,-5.684341886e-14,4,True,False,True,True,True,0.1398149764,False
HR,2017,276.3,30.3,245.9,,0.6,0.1,0.5,0.5,False,0.1,4,True,True,False,True,False,,False
HR,2018,-29.7,13.3,-43,,-0.1,0,-0.1,0,False,0,4,True,False,True,True,False,,False
HR,2019,124.7,72.7,52,,0.2,0.1,0.1,0.5,False,2.842170943e-14,4,True,True,False,True,False,,False
HR,2020,-3673.5,-39.3,-3634.2,,-7.2,-0.1,-7.2,-6.2,False,4.547473509e-13,4,True,False,True,False,True,,False
HR,2021,-1501.5,213.5,-1715.1,,-2.6,0.4,-3,-2.7,False,0.1,4,True,False,True,True,True,0.1244825375,False
HR,2022,10,53.8,-43.8,,0,0.1,0,-0.6,False,1.421085472e-14,4,True,True,True,True,True,,False
HR,2023,-865.3,-105,-760.2,,-1.1,-0.1,-0.9,-1.5,False,-0.1,4,True,False,True,False,True,,False
HR,2024,-2001.3,5.8,-2007.1,,-2.3,0,-2.3,-2.6,False,0,4,True,False,True,True,True,0.002889741418,False
HR,2025,-2796.2,-88.1,-2708.2,,-3,-0.1,-2.9,-2.5,False,0.1,4,True,False,True,False,True,,False
HU,1995,-501876.3,114,-501990.3,,-8.6,0,-8.6,-8.7,False,0,4,True,False,True,True,True,0.0002270960216,False
HU,1996,-311702,41592,-353294,,-4.4,0.6,-4.9,-5.3,False,0,4,True,False,True,True,True,0.1177263129,False
HU,1997,-490378.8,8720,-499098.8,,-5.5,0.1,-5.6,-5.6,False,0,4,True,False,True,True,True,0.01747149061,False
HU,1998,-775309.6,-35422,-739887.6,,-7.4,-0.3,-7.1,-6.8,False,0,4,True,False,True,False,True,,False
HU,1999,-614070,-18781,-595289,,-5.3,-0.2,-5.1,-5.1,False,0,4,True,False,True,False,True,,False
HU,2000,-405236,-14537,-390699,,-3,-0.1,-3,-2.7,False,0,4,True,False,True,False,True,,False
HU,2001,-615856,70489,-686345,,-4,0.5,-4.5,-4.6,False,0,4,True,False,True,True,True,0.1027019939,False
HU,2002,-1533781,-51352,-1482429,,-8.8,-0.3,-8.5,-7.6,False,0,4,True,False,True,False,True,,False
HU,2003,-1374123,-241856,-1132268,,-7.2,-1.3,-6,-5.8,False,1,4,True,False,True,False,True,,False
HU,2004,-1391280,-61673,-1329608,,-6.6,-0.3,-6.3,-6,False,1,4,True,False,True,False,True,,False
HU,2005,-1757626,-37323,-1720302.6,,-7.8,-0.2,-7.6,-7.1,False,-0.3999999999,4,True,False,True,False,True,,False
HU,2006,-2254329,376953,-2631282,,-9.3,1.5,-10.8,-10,False,0,4,True,False,True,True,True,0.1432583053,False
HU,2007,-1308462,177173,-1485635,,-5.1,0.7,-5.8,-5.7,False,0,4,True,False,True,True,True,0.1192574219,False
HU,2008,-1030748,-80496,-950252,,-3.8,-0.3,-3.5,-3.6,False,0,4,True,False,True,False,True,,False
HU,2009,-1259676,-109919,-1149757,,-4.8,-0.4,-4.4,-4,False,0,4,True,False,True,False,True,,False
HU,2010,-1216741,47124,-1263865,,-4.4,0.2,-4.6,-3.8,False,0,4,True,False,True,True,True,0.03728562782,False
HU,2011,-1487238,7727,-1494965,,-5.2,0,-5.2,-5.8,False,0,4,True,False,True,True,True,0.005168682879,False
HU,2012,-673987,-4085,-669902,,-2.3,0,-2.3,-2.8,False,0,4,True,False,True,False,True,,False
HU,2013,-788385.5,136789,-925174.5,,-2.6,0.5,-3,-5.5,False,0,4,True,False,True,True,True,0.1478521079,False
HU,2014,-910278.2,42538.5,-952817,,-2.8,0.1,-2.9,-4.2,False,0.2999999999,4,True,False,True,True,True,0.04464498429,False
HU,2015,-700701.1,2898.9,-703598.7,,-2,0,-2,-2.2,False,-1.3,4,True,False,True,True,True,0.004120104258,False
HU,2016,-650580.8,-35827.9,-614751.9,,-1.8,-0.1,-1.7,-2,False,-1,4,True,False,True,False,True,,False
HU,2017,-965670.4,-35880.8,-929789.1,,-2.5,-0.1,-2.3,-2.4,False,-0.4999999999,4,True,False,True,False,True,,False
HU,2018,-891319.5,76612.1,-967932.6,,-2,0.2,-2.2,-2.3,False,1,4,True,False,True,True,True,0.07915024249,False
HU,2019,-970456.4,-136626,-833830.1,,-2,-0.3,-1.7,-1.6,False,-0.3,4,True,False,True,False,True,,False
HU,2020,-3654170.1,-456202.9,-3197967.4,,-7.5,-0.9,-6.6,-6.7,False,0.2000000002,4,True,False,True,False,True,,False
HU,2021,-3950387.5,276939,-4227326.5,,-7.1,0.5,-7.6,-7.8,False,0,4,True,False,True,True,True,0.06551161828,False
HU,2022,-4092618,83366,-4175982,,-6.2,0.1,-6.3,-6.1,False,-2,4,True,False,True,True,True,0.01996320865,False
HU,2023,-5253500.8,101536,-5355038.8,,-7,0.1,-7.2,-6.9,False,2,4,True,False,True,True,True,0.01896083367,False
HU,2024,-4185366.4,267957,-4453324.4,,-5.1,0.3,-5.4,-4.9,False,1,4,True,False,True,True,True,0.06017010573,False
HU,2025,-4059437.7,65650.4,-4125088,,-4.7,0.1,-4.7,-4.8,False,-0.1000000001,4,True,False,True,True,True,0.01591490897,False
IE,1995,-1137.1,-17.1,-1120,,-2.1,0,-2.1,-2,False,0,4,True,False,True,False,True,,False
IE,1996,-118.9,-16.1,-102.8,,-0.2,0,-0.2,-0.1,False,0,4,True,False,True,False,True,,False
IE,1997,953,-8.4,961.4,,1.4,0,1.4,1.4,False,0,4,True,True,False,False,False,,False
IE,1998,1665.9,51.4,1614.5,,2.1,0.1,2,2.2,False,0,4,True,True,False,True,False,,False
IE,1999,3282,308.8,2973.3,,3.5,0.3,3.2,3.3,False,-0.1,4,True,True,False,True,False,,False
IE,2000,5267.8,625.5,4642.3,,4.9,0.6,4.3,4.4,False,0,4,True,True,False,True,False,,False
IE,2001,1171.2,705.3,465.9,,1,0.6,0.3,0.8,False,2.273736754e-13,4,True,True,False,True,False,,False
IE,2002,-706.3,-228.6,-477.7,,-0.5,-0.2,-0.3,0,False,1.136868377e-13,4,True,False,True,False,False,,False
IE,2003,503.8,283,220.8,,0.3,0.2,0.2,-0.1,False,0,4,True,True,False,True,True,,False
IE,2004,2028.6,388.9,1639.7,,1.3,0.2,1.1,1,False,0,4,True,True,False,True,False,,False
IE,2005,2674.5,549.4,2125.1,,1.6,0.3,1.3,1.1,False,0,4,True,True,False,True,False,,False
IE,2006,5132.1,494.3,4637.9,,2.8,0.3,2.5,2.3,False,-0.1,4,True,True,False,True,False,,False
IE,2007,527.8,571.4,-43.6,,0.3,0.3,0,0.2,False,0,4,True,True,True,True,False,,False
IE,2008,-13167,-352.3,-12814.7,,-7,-0.2,-6.9,-6.5,False,-1.818989404e-12,4,True,False,True,False,True,,False
IE,2009,-23517.2,-2456.3,-21060.9,,-13.9,-1.4,-12.5,-12.4,False,0,4,True,False,True,False,True,,False
IE,2010,-53764.1,-1025.9,-52738.1,,-32.1,-0.6,-31.5,-31.5,False,-0.1,4,True,False,True,False,True,,False
IE,2011,-23320.1,-330.9,-22989.2,,-13.5,-0.2,-13.2,-13.1,False,3.637978807e-12,4,True,False,True,False,True,,False
IE,2012,-14866.2,-22.9,-14843.1,,-8.4,0,-8.4,-8.3,False,-0.2,4,True,False,True,False,True,,False
IE,2013,-11484.3,-13.4,-11470.9,,-6.3,0,-6.3,-6.2,False,0,4,True,False,True,False,True,,False
IE,2014,-7060.2,12.1,-7071.9,,-3.5,0,-3.6,-3.7,False,-0.4,4,True,False,True,True,True,0.001710997045,False
IE,2015,-5377.5,-16.2,-5361,,-2,0,-2,-2.1,False,-0.3,4,True,False,True,False,True,,False
IE,2016,-2176.4,436.5,-2612.9,,-0.8,0.2,-0.9,-1,False,0,4,True,False,True,True,True,0.1670557618,False
IE,2017,-923.9,654.8,-1578.8,,-0.3,0.2,-0.5,-0.5,False,0.1,4,True,False,True,True,True,0.4147453762,False
IE,2018,298.3,1137.3,-839,,0.1,0.3,-0.2,-0.2,False,5.684341886e-14,4,True,True,True,True,True,,False
IE,2019,1414.6,1626.3,-211.7,,0.4,0.4,-0.1,0.1,False,0,4,True,True,True,True,False,,False
IE,2020,-18776.7,-3277.4,-15499.3,,-4.9,-0.9,-4.1,-4,False,0,4,True,False,True,False,True,,False
IE,2021,-5561.3,-11.3,-5550,,-1.2,0,-1.2,-1.1,False,0,4,True,False,True,False,True,,False
IE,2022,8835.4,2309.7,6525.7,,1.7,0.4,1.3,1.4,False,0,4,True,True,False,True,False,,False
IE,2023,7838.3,3339.8,4498.5,,1.5,0.6,0.9,1.1,False,0,4,True,True,False,True,False,,False
IE,2024,23269.9,3707.8,19562.2,,4.1,0.7,3.5,3.8,False,-0.1,4,True,True,False,True,False,,False
IE,2025,11483.5,4557.1,6926.3,,1.8,0.7,1.1,1.2,False,0.1,4,True,True,False,True,False,,False
IS,1998,-3374.2,1299.3,-4673.5,,-0.6,0.2,-0.8,0.2,False,0,4,True,False,True,True,False,0.2780143362,False
IS,1999,8587.2,1980.4,6606.7,,1.3,0.3,1,1.6,False,0.1,4,True,True,False,True,False,,False
IS,2000,10296.2,2391.1,7905.1,,1.4,0.3,1.1,1.5,False,0,4,True,True,False,True,False,,False
IS,2001,-2167.1,3135.2,-5302.3,,-0.3,0.4,-0.6,0,False,4.547473509e-13,4,True,False,True,True,False,0.591290572,False
IS,2002,-19037.1,181.1,-19218.2,,-2.2,0,-2.2,-1,False,3.637978807e-12,4,True,False,True,True,True,0.009423359108,False
IS,2003,-19974.5,-2119.4,-17855.1,,-2.3,-0.2,-2,-1.3,False,0,4,True,False,True,False,True,,False
IS,2004,3218.6,-1847.3,5065.9,,0.3,-0.2,0.5,1.2,False,4.547473509e-13,4,True,True,False,False,False,,False
IS,2005,53575.7,3607.3,49968.4,,5,0.3,4.6,4.5,False,-7.275957614e-12,4,True,True,False,True,False,,False
IS,2006,79640.3,8095.6,71544.7,,6.4,0.7,5.8,5.5,False,0,4,True,True,False,True,False,,False
IS,2007,78307,11324.1,66982.9,,5.6,0.8,4.7,4.1,False,0,4,True,True,False,True,False,,False
IS,2008,-192390.6,4393.8,-196784.4,,-12,0.3,-12.3,-11.5,False,2.910383046e-11,4,True,False,True,True,True,0.02232798941,False
IS,2009,-138888.8,-10439.8,-128449.1,,-8.5,-0.6,-7.9,-7,False,0.1,4,True,False,True,False,True,,False
IS,2010,-111577.5,1955.5,-113533.1,,-6.6,0.1,-6.6,-5.9,False,0.1,4,True,False,True,True,True,0.01722405184,False
IS,2011,-114602.2,6622.9,-121225.3,,-6.4,0.4,-6.7,-6.5,False,0.2,4,True,False,True,True,True,0.05463298503,False
IS,2012,-48405,518.7,-48923.7,,-2.6,0,-2.6,-2.1,False,7.275957614e-12,4,True,False,True,True,True,0.01060222346,False
IS,2013,-17387.6,5992,-23379.7,,-0.9,0.3,-1.2,-1.1,False,0.1,4,True,False,True,True,True,0.2562907137,False
IS,2014,12461.1,-1422.3,13883.4,,0.6,-0.1,0.7,1.2,False,0,4,True,True,False,False,False,,False
IS,2015,-3377.3,1127,-4504.3,,-0.1,0,-0.2,0.2,False,0,4,True,False,True,True,False,,False
IS,2016,323426.7,6313.5,317113.1,,12.7,0.2,12.5,12.2,False,0.1,4,True,True,False,True,False,,False
IS,2017,34170.1,1472.6,32697.5,,1.3,0.1,1.2,2.2,False,-7.275957614e-12,4,True,True,False,True,False,,False
IS,2018,30165.9,6095.4,24070.5,,1,0.2,0.8,1.3,False,7.275957614e-12,4,True,True,False,True,False,,False
IS,2019,-44332.9,4489.8,-48822.7,,-1.4,0.1,-1.6,-1.1,False,-7.275957614e-12,4,True,False,True,True,True,0.09196132127,False
IS,2020,-262882.7,9496.9,-272379.5,,-8.8,0.3,-9.2,-8.1,False,-0.1,4,True,False,True,True,True,0.03486642717,False
IS,2021,-265279.6,9304.8,-274584.4,,-8,0.3,-8.2,-7.2,False,0,4,True,False,True,True,True,0.03388684863,False
IS,2022,-150700.7,17255.9,-167956.6,,-3.8,0.4,-4.2,-2.9,False,-2.910383046e-11,4,True,False,True,True,True,0.1027402317,False
IS,2023,-92638.3,4969.2,-97607.6,,-2.1,0.1,-2.2,-1.3,False,0.1,4,True,False,True,True,True,0.05090997013,False
IS,2024,-192379.7,-6369.3,-186010.4,,-4.2,-0.1,-4,-3.5,False,-2.910383046e-11,4,True,False,True,False,True,,False
IS,2025,-120103.9,1068.2,-121172.1,,-2.4,0,-2.5,-2,False,1.455191523e-11,4,True,False,True,True,True,0.008815560678,False
IT,1995,-71303,-367,-70936,,-7.2,0,-7.2,-7.3,False,0,4,True,False,True,False,True,,False
IT,1996,-69238,1821,-71059,,-6.6,0.2,-6.8,-6.6,False,0,4,True,False,True,True,True,0.02562659199,False
IT,1997,-32637,-180,-32457,,-3,0,-3,-2.6,False,0,4,True,False,True,False,True,,False
IT,1998,-34077,-3992,-30085,,-3,-0.3,-2.7,-2,False,0,4,True,False,True,False,True,,False
IT,1999,-20898,4063,-24961,,-1.8,0.3,-2.1,-2,False,0,4,True,False,True,True,True,0.1627739273,False
IT,2000,-30124,1194,-31318,,-2.4,0.1,-2.6,-2.3,False,0,4,True,False,True,True,True,0.03812503991,False
IT,2001,-41625,1375,-43000,,-3.2,0.1,-3.3,-2.9,False,0,4,True,False,True,True,True,0.03197674419,False
IT,2002,-39036,10388,-49424,,-2.9,0.8,-3.6,-2.8,False,0,4,True,False,True,True,True,0.2101812884,False
IT,2003,-45147,-1867,-43280,,-3.2,-0.1,-3.1,-2.7,False,0,4,True,False,True,False,True,,False
IT,2004,-50438,6554,-56992,,-3.5,0.4,-3.9,-3,False,0,4,True,False,True,True,True,0.1149985963,False
IT,2005,-61440,4842,-66282,,-4.1,0.3,-4.4,-3.6,False,0,4,True,False,True,True,True,0.0730515072,False
IT,2006,-56240,2018,-58258,,-3.6,0.1,-3.7,-2.8,False,0,4,True,False,True,True,True,0.03463901953,False
IT,2007,-21503,8674,-30177,,-1.3,0.5,-1.8,-1.8,False,0,4,True,False,True,True,True,0.2874374524,False
IT,2008,-42473,1619,-44092,,-2.6,0.1,-2.7,-2.6,False,0,4,True,False,True,True,True,0.03671867913,False
IT,2009,-80101,-4647,-75454,,-5.1,-0.3,-4.8,-4.6,False,0,4,True,False,True,False,True,,False
IT,2010,-67329,5143,-72472,,-4.2,0.3,-4.5,-4,False,0,4,True,False,True,True,True,0.07096533834,False
IT,2011,-58412,3904,-62316,,-3.5,0.2,-3.8,-3.5,False,0,4,True,False,True,True,True,0.062648437,False
IT,2012,-48750,3353,-52103,,-3,0.2,-3.2,-3.5,False,0,4,True,False,True,True,True,0.06435330019,False
IT,2013,-46604,2557,-49161,,-2.9,0.2,-3,-3.1,False,0,4,True,False,True,True,True,0.05201277435,False
IT,2014,-46107,1987,-48094,,-2.8,0.1,-2.9,-3.1,False,0,4,True,False,True,True,True,0.04131492494,False
IT,2015,-40902,2885,-43787,,-2.5,0.2,-2.7,-3,False,0,4,True,False,True,True,True,0.06588713545,False
IT,2016,-40996,2790,-43786,,-2.4,0.2,-2.5,-2.7,False,0,4,True,False,True,True,True,0.06371899694,False
IT,2017,-43767,3854,-47621,,-2.5,0.2,-2.8,-2.9,False,0,4,True,False,True,True,True,0.08093068184,False
IT,2018,-38968,2837,-41805,,-2.2,0.2,-2.3,-2.5,False,0,4,True,False,True,True,True,0.06786269585,False
IT,2019,-26161,3417,-29578,,-1.5,0.2,-1.6,-1.7,False,0,4,True,False,True,True,True,0.1155250524,False
IT,2020,-156627,2182,-158809,,-9.4,0.1,-9.5,-9.4,False,0,4,True,False,True,True,True,0.01373977545,False
IT,2021,-163535,5951,-169486,,-8.9,0.3,-9.2,-9,False,0,4,True,False,True,True,True,0.03511204465,False
IT,2022,-161869,1533,-163402,,-8.1,0.1,-8.2,-8.1,False,0,4,True,False,True,True,True,0.009381770113,False
IT,2023,-152867,4678,-157545,,-7.1,0.2,-7.3,-7.6,False,0,4,True,False,True,True,True,0.02969310356,False
IT,2024,-73779,9051,-82830,,-3.4,0.4,-3.8,-3.9,False,0,4,True,False,True,True,True,0.1092720029,False
IT,2025,-69381,9934,-79315,,-3.1,0.4,-3.5,-3.5,False,0,4,True,False,True,True,True,0.1252474311,False
LT,1995,-120.1,103.5,-223.7,,-1.5,1.3,-2.8,-2.5,False,0.1,4,True,False,True,True,True,0.4626732231,False
LT,1996,-315.7,55.8,-371.4,,-3.2,0.6,-3.8,-3.5,False,-0.1,4,True,False,True,True,True,0.1502423263,False
LT,1997,-1378,61.3,-1439.2,,-11.7,0.5,-12.2,-12,False,-0.1,4,True,False,True,True,True,0.04259310728,False
LT,1998,-394.9,-66.5,-328.4,,-3,-0.5,-2.6,-3.5,False,5.684341886e-14,4,True,False,True,False,True,,False
LT,1999,-358.7,-55.3,-303.4,,-2.8,-0.4,-2.4,-1.8,False,0,4,True,False,True,False,True,,False
LT,2000,-425.7,-63.2,-362.5,,-3.2,-0.5,-2.7,-2.6,False,0,4,True,False,True,False,True,,False
LT,2001,-500.6,-64.4,-436.3,,-3.5,-0.5,-3,-2.6,False,0.1,4,True,False,True,False,True,,False
LT,2002,-282,51.7,-333.8,,-1.9,0.3,-2.2,-2.2,False,0.1,4,True,False,True,True,True,0.1548831636,False
LT,2003,-210.7,81.8,-292.5,,-1.3,0.5,-1.7,-1.7,False,0,4,True,False,True,True,True,0.2796581197,False
LT,2004,-253.9,121.1,-375,,-1.4,0.7,-2.1,-2.2,False,0,4,True,False,True,True,True,0.3229333333,False
LT,2005,-72.1,120.7,-192.8,,-0.3,0.6,-1,-0.9,False,-1.421085472e-14,4,True,False,True,True,True,0.6260373444,False
LT,2006,-65.5,162.4,-228,,-0.3,0.7,-0.9,-0.6,False,0.1,4,True,False,True,True,True,0.7122807018,False
LT,2007,-236.8,-15.5,-221.3,,-0.8,-0.1,-0.7,-0.4,False,0,4,True,False,True,False,True,,False
LT,2008,-1008,-321.2,-686.9,,-3.1,-1,-2.1,-1.9,False,0.1,4,True,False,True,False,True,,False
LT,2009,-2442.5,-861.7,-1580.8,,-9.1,-3.2,-5.8,-5.4,False,0,4,True,False,True,False,True,,False
LT,2010,-1922.2,-706.4,-1215.8,,-6.9,-2.6,-4.4,-4.5,False,-2.273736754e-13,4,True,False,True,False,True,,False
LT,2011,-1837,-563.4,-1273.6,,-5.9,-1.8,-4.1,-3.7,False,0,4,True,False,True,False,True,,False
LT,2012,-1045.7,-560.6,-485.1,,-3.1,-1.7,-1.5,-1.2,False,0,4,True,False,True,False,True,,False
LT,2013,-939.4,-340,-599.4,,-2.7,-1,-1.7,-1.4,False,0,4,True,False,True,False,True,,False
LT,2014,-651.6,-438.3,-213.3,,-1.8,-1.2,-0.6,-0.7,False,0,4,True,False,True,False,True,,False
LT,2015,-287.1,4.1,-291.1,,-0.8,0,-0.8,-1.1,False,-0.1,4,True,False,True,True,True,0.01408450704,False
LT,2016,13.1,8.8,4.4,,0,0,0,-0.5,False,-0.1,4,True,True,False,True,True,,False
LT,2017,152.2,182.4,-30.2,,0.4,0.4,-0.1,-0.3,False,0,4,True,True,True,True,True,,False
LT,2018,240,3999.8,-3759.7,,0.5,8.7,-8.2,-8.4,False,-0.1,4,True,True,True,True,True,1.063861478,True
LT,2019,202.8,350.3,-147.5,,0.4,0.7,-0.3,-0.4,False,0,4,True,True,True,True,True,,False
LT,2020,-3225.1,320.3,-3545.4,,-6.4,0.6,-7.1,-7.1,False,0,4,True,False,True,True,True,0.09034241552,False
LT,2021,-652.1,794.8,-1446.9,,-1.1,1.4,-2.5,-2.8,False,-1.136868377e-13,4,True,False,True,True,True,0.5493123229,False
LT,2022,-481.6,980.3,-1461.9,,-0.7,1.5,-2.2,-2.4,False,1.136868377e-13,4,True,False,True,True,True,0.6705657022,False
LT,2023,-493.2,991.2,-1484.5,,-0.7,1.3,-2,-2.2,False,0.1,4,True,False,True,True,True,0.6676995621,False
LT,2024,-1012.1,1002,-2014.1,,-1.3,1.3,-2.5,-2.5,False,1.136868377e-13,4,True,False,True,True,True,0.4974926766,False
LT,2025,-1536.2,920.6,-2456.8,,-1.8,1.1,-2.9,-2.8,False,-2.273736754e-13,4,True,False,True,True,True,0.3747150765,False
LU,1995,408.6,235,173.6,,2.7,1.5,1.2,0.8,False,0,4,True,True,False,True,False,,False
LU,1996,372.5,197.3,175.2,,2.3,1.2,1.1,0.7,False,0,4,True,True,False,True,False,,False
LU,1997,434.4,150.1,284.4,,2.5,0.9,1.6,1.2,False,-0.1,4,True,True,False,True,False,,False
LU,1998,516.2,259.1,257.1,,2.8,1.4,1.5,1.2,False,0,4,True,True,False,True,False,,False
LU,1999,638.7,288,350.7,,3.1,1.4,1.7,1.5,False,0,4,True,True,False,True,False,,False
LU,2000,1274.6,550.7,723.8,,5.5,2.4,3.2,2.7,False,0.1,4,True,True,False,True,False,,False
LU,2001,1343.6,672.7,670.9,,5.6,2.8,2.8,2.7,False,0,4,True,True,False,True,False,,False
LU,2002,508,540,-32.1,,2,2.2,-0.1,-0.2,False,0.1,4,True,True,True,True,True,,False
LU,2003,71.6,443.1,-371.5,,0.3,1.7,-1.4,-1.4,False,-2.842170943e-14,4,True,True,True,True,True,1.192732167,True
LU,2004,-392.8,384.7,-777.5,,-1.4,1.4,-2.8,-2.7,False,0,4,True,False,True,True,True,0.4947909968,False
LU,2005,-62.9,470.6,-533.5,,-0.2,1.6,-1.8,-1.5,False,-2.131628207e-14,4,True,False,True,True,True,0.882099344,False
LU,2006,653.3,604.4,48.8,,1.9,1.8,0.1,-0.1,False,0.1,4,True,True,False,True,True,,False
LU,2007,1642.3,896.7,745.6,,4.4,2.4,2,1.6,False,0,4,True,True,False,True,False,,False
LU,2008,1349.9,1088.7,261.3,,3.4,2.7,0.6,0.2,False,-0.1,4,True,True,False,True,False,,False
LU,2009,-82,752.3,-834.2,,-0.2,1.9,-2.1,-2,False,-0.1,4,True,False,True,True,True,0.901822105,False
LU,2010,-134.6,673.2,-807.9,,-0.3,1.6,-1.9,-2.1,False,0.1,4,True,False,True,True,True,0.8332714445,False
LU,2011,291.8,818.4,-526.6,,0.7,1.8,-1.2,-1.5,False,5.684341886e-14,4,True,True,True,True,True,1.554120775,True
LU,2012,235.6,837.9,-602.3,,0.5,1.8,-1.3,-1.8,False,8.526512829e-14,4,True,True,True,True,True,1.391167192,True
LU,2013,414.2,734.4,-320.1,,0.8,1.5,-0.7,-1,False,-0.1,4,True,True,True,True,True,2.294283037,True
LU,2014,693.4,690,3.4,,1.3,1.3,0,-0.3,False,0,4,True,True,False,True,True,,False
LU,2015,722.3,761.7,-39.5,,1.3,1.4,-0.1,-0.4,False,0.1,4,True,True,True,True,True,,False
LU,2016,1064,960.9,103.1,,1.9,1.7,0.1,-0.1,False,0,4,True,True,False,True,True,,False
LU,2017,795.1,1004,-209,,1.4,1.7,-0.4,-0.5,False,0.1,4,True,True,True,True,True,,False
LU,2018,1911.3,1091,820.4,,3.2,1.8,1.4,1,False,-0.1,4,True,True,False,True,False,,False
LU,2019,1671.9,1218.8,453.1,,2.7,2,0.7,0.2,False,2.273736754e-13,4,True,True,False,True,False,,False
LU,2020,-1994.6,859.9,-2854.5,,-3.1,1.3,-4.4,-4.5,False,0,4,True,False,True,True,True,0.3012436504,False
LU,2021,814,951,-137.1,,1.1,1.3,-0.2,-0.3,False,0.1,4,True,True,True,True,True,,False
LU,2022,163.9,1020.9,-857,,0.2,1.3,-1.1,-0.9,False,2.842170943e-14,4,True,True,True,True,True,1.191248541,True
LU,2023,-541,1158.9,-1699.8,,-0.7,1.4,-2,-1.7,False,-0.1,4,True,False,True,True,True,0.6817860925,False
LU,2024,775.5,930.6,-155.1,,0.9,1.1,-0.2,-0.3,False,0,4,True,True,True,True,True,,False
LU,2025,-1756,701.1,-2457,,-2,0.8,-2.7,-2.6,False,-0.1,4,True,False,True,True,True,0.2853479853,False
LV,1995,-58,57.4,-115.4,,-1.5,1.5,-2.9,-2.8,False,7.105427358e-15,4,True,False,True,True,True,0.4974003466,False
LV,1996,-19.7,15.9,-35.6,,-0.4,0.4,-0.8,-2.9,False,-3.552713679e-15,4,True,False,True,True,True,0.4466292135,False
LV,1997,76.2,39.1,37.1,,1.5,0.7,0.7,0,False,0,4,True,True,False,True,False,,False
LV,1998,1.7,-15.7,17.5,,0,-0.3,0.3,-0.1,False,-0.1,4,True,True,False,False,True,,False
LV,1999,-234.1,-83.6,-150.5,,-3.8,-1.4,-2.5,-1.9,False,0,4,True,False,True,False,True,,False
LV,2000,-187.1,-31.8,-155.3,,-2.8,-0.5,-2.4,-2.1,False,2.842170943e-14,4,True,False,True,False,True,,False
LV,2001,-145.3,-15.9,-129.4,,-2,-0.2,-1.7,-1,False,0,4,True,False,True,False,True,,False
LV,2002,-195,21.2,-216.2,,-2.4,0.3,-2.7,-1.8,False,0,4,True,False,True,True,True,0.0980573543,False
LV,2003,-149.8,63.2,-213,,-1.6,0.7,-2.4,-2.2,False,0,4,True,False,True,True,True,0.296713615,False
LV,2004,-131.6,104.7,-236.3,,-1.2,1,-2.2,-1.8,False,-2.842170943e-14,4,True,False,True,True,True,0.4430808295,False
LV,2005,-65.5,165.3,-230.8,,-0.5,1.3,-1.7,-1.5,False,0,4,True,False,True,True,True,0.7162045061,False
LV,2006,-91.2,314.2,-405.3,,-0.6,1.9,-2.5,-2,False,-0.1,4,True,False,True,True,True,0.775228226,False
LV,2007,-127.9,533.8,-661.8,,-0.6,2.5,-3,-2.3,False,0.1,4,True,False,True,True,True,0.8065880931,False
LV,2008,-1044.2,322.5,-1366.7,,-4.5,1.4,-5.9,-4.6,False,0,4,True,False,True,True,True,0.2359698544,False
LV,2009,-1813.9,-335.8,-1478.2,,-9.8,-1.8,-8,-6.2,False,0.1,4,True,False,True,False,True,,False
LV,2010,-1558.4,-453.8,-1104.7,,-8.8,-2.6,-6.2,-5.8,False,0.1,4,True,False,True,False,True,,False
LV,2011,-854.5,-181.5,-672.9,,-4.5,-0.9,-3.5,-2.9,False,-0.1,4,True,False,True,False,True,,False
LV,2012,-308.2,-44.5,-263.6,,-1.5,-0.2,-1.3,-0.8,False,-0.1,4,True,False,True,False,True,,False
LV,2013,-276.3,-78,-198.4,,-1.3,-0.4,-0.9,-0.4,False,0.1,4,True,False,True,False,True,,False
LV,2014,-387.7,88.6,-476.3,,-1.7,0.4,-2,-1.7,False,5.684341886e-14,4,True,False,True,True,True,0.186017216,False
LV,2015,-361.3,37.6,-398.8,,-1.5,0.2,-1.7,-1.9,False,-0.1,4,True,False,True,True,True,0.09428284855,False
LV,2016,-3.4,-23.1,19.8,,0,-0.1,0.1,-0.1,False,-0.1,4,True,False,False,False,True,,False
LV,2017,-77.6,92.7,-170.3,,-0.3,0.4,-0.6,-0.3,False,1.421085472e-14,4,True,False,True,True,True,0.5443335291,False
LV,2018,-381.8,249.1,-630.9,,-1.4,0.9,-2.2,-1.5,False,5.684341886e-14,4,True,False,True,True,True,0.3948327786,False
LV,2019,-45.9,293.3,-339.3,,-0.2,1,-1.1,-1.7,False,0.1,4,True,False,True,True,True,0.864426761,False
LV,2020,-1194.5,166,-1360.5,,-4.1,0.6,-4.7,-4.5,False,0,4,True,False,True,True,True,0.1220139655,False
LV,2021,-2331,241.9,-2572.9,,-7.2,0.7,-8,-7.7,False,0,4,True,False,True,True,True,0.09401842279,False
LV,2022,-1753.6,222.9,-1976.5,,-4.9,0.6,-5.4,-5.5,False,0,4,True,False,True,True,True,0.1127751075,False
LV,2023,-926.7,287.9,-1214.6,,-2.3,0.7,-3.1,-2.7,False,1.136868377e-13,4,True,False,True,True,True,0.237032768,False
LV,2024,-726.5,344.9,-1071.3,,-1.8,0.8,-2.6,-2.8,False,-0.1,4,True,False,True,True,True,0.3219453001,False
LV,2025,-1093.4,491.7,-1585.2,,-2.5,1.1,-3.7,-3.3,False,0.1,4,True,False,True,True,True,0.3101816805,False
MT,1995,-105.7,,-105.7,,-3.5,,-3.5,-3.5,False,,3,False,False,True,False,True,,False
MT,1996,-245.9,,-245.9,,-7.7,,-7.6,-7.6,False,,3,False,False,True,False,True,,False
MT,1997,-239.5,,-239.5,,-7,,-7,-7,False,,3,False,False,True,False,True,,False
MT,1998,-332.8,,-332.9,,-9.2,,-9.2,-9.2,False,,3,False,False,True,False,True,,False
MT,1999,-254.5,,-254.4,,-6.7,,-6.6,-6.6,False,,3,False,False,True,False,True,,False
MT,2000,-226.9,,-226.9,,-5.5,,-5.5,-5.6,False,,3,False,False,True,False,True,,False
MT,2001,-260.1,,-260,,-6.1,,-6.1,-6.1,False,,3,False,False,True,False,True,,False
MT,2002,-241.3,,-241.2,,-5.4,,-5.4,-5.4,False,,3,False,False,True,False,True,,False
MT,2003,-427.9,,-427.9,,-9,,-9,-9,False,,3,False,False,True,False,True,,False
MT,2004,-208,,-208,,-4.2,,-4.3,-4.3,False,,3,False,False,True,False,True,,False
MT,2005,-145.8,,-145.8,,-2.8,,-2.9,-2.9,False,,3,False,False,True,False,True,,False
MT,2006,-132.4,,-132.4,,-2.5,,-2.5,-2.5,False,,3,False,False,True,False,True,,False
MT,2007,-118.7,,-118.7,,-2.1,,-2.1,-2.1,False,,3,False,False,True,False,True,,False
MT,2008,-252.9,,-252.9,,-4.1,,-4.1,-4.1,False,,3,False,False,True,False,True,,False
MT,2009,-195.8,,-195.8,,-3.1,,-3.1,-3.1,False,,3,False,False,True,False,True,,False
MT,2010,-152.4,,-152.4,,-2.2,,-2.2,-2.3,False,,3,False,False,True,False,True,,False
MT,2011,-210,,-210,,-3,,-3,-3,False,,3,False,False,True,False,True,,False
MT,2012,-247.2,,-247.2,,-3.3,,-3.3,-3.3,False,,3,False,False,True,False,True,,False
MT,2013,-177.7,,-177.7,,-2.2,,-2.2,-2.2,False,,3,False,False,True,False,True,,False
MT,2014,-133,,-133,,-1.5,,-1.5,-1.5,False,,3,False,False,True,False,True,,False
MT,2015,-85.7,,-85.7,,-0.8,,-0.8,-0.9,False,,3,False,False,True,False,True,,False
MT,2016,119.1,,119.1,,1.1,,1.1,1.1,False,,3,False,True,False,False,False,,False
MT,2017,426.8,,426.7,,3.4,,3.4,3.3,False,,3,False,True,False,False,False,,False
MT,2018,254.1,,254.1,,1.9,,1.8,1.8,False,,3,False,True,False,False,False,,False
MT,2019,116.2,,116.2,,0.8,,0.8,0.7,False,,3,False,True,False,False,False,,False
MT,2020,-1249.8,,-1249.8,,-8.7,,-8.7,-8.8,False,,3,False,False,True,False,True,,False
MT,2021,-1158.5,,-1158.5,,-6.9,,-7,-7,False,,3,False,False,True,False,True,,False
MT,2022,-951.9,,-951.8,,-5.3,,-5.3,-5.3,False,,3,False,False,True,False,True,,False
MT,2023,-928.4,,-928.4,,-4.4,,-4.4,-4.4,False,,3,False,False,True,False,True,,False
MT,2024,-794,,-794,,-3.4,,-3.4,-3.4,False,,3,False,False,True,False,True,,False
MT,2025,-545.3,,-545.3,,-2.2,,-2.2,-2.2,False,,3,False,False,True,False,True,,False
NL,1995,-28791,-2348,-26443,,-8.7,-0.7,-8,-8,False,0,4,True,False,True,False,True,,False
NL,1996,-6582,-1625,-4957,,-1.9,-0.5,-1.4,-1.6,False,0,4,True,False,True,False,True,,False
NL,1997,-5920,49,-5969,,-1.6,0,-1.6,-2.4,False,0,4,True,False,True,True,True,0.008209080248,False
NL,1998,-5272,1017,-6289,,-1.3,0.3,-1.6,-1.6,False,0,4,True,False,True,True,True,0.1617109238,False
NL,1999,1188,4655,-3467,,0.3,1.1,-0.8,-0.8,False,0,4,True,True,True,True,True,1.34265936,True
NL,2000,5136,6551,-1415,,1.1,1.4,-0.3,-0.3,False,0,4,True,True,True,True,True,,False
NL,2001,-2259,225,-2484,,-0.5,0,-0.5,-0.3,False,0,4,True,False,True,True,True,0.09057971014,False
NL,2002,-11215,-2027,-9188,,-2.2,-0.4,-1.8,-1.3,False,0,4,True,False,True,False,True,,False
NL,2003,-16435,151,-16586,,-3.2,0,-3.3,-2.8,False,0,4,True,False,True,True,True,0.009104063668,False
NL,2004,-9701,791,-10492,,-1.8,0.1,-1.9,-1.6,False,0,4,True,False,True,True,True,0.07539077392,False
NL,2005,-2847,-678,-2169,,-0.5,-0.1,-0.4,-0.1,False,0,4,True,False,True,False,True,,False
NL,2006,132,-1791,1923,,0,-0.3,0.3,0.6,False,0,4,True,True,False,False,False,,False
NL,2007,-1135,-813,-322,,-0.2,-0.1,0,0.3,False,0,4,True,False,True,False,False,,False
NL,2008,-477,3385,-3862,,-0.1,0.5,-0.6,0.1,False,0,4,True,False,True,True,False,0.8764888659,False
NL,2009,-31917,-7552,-24365,,-5.1,-1.2,-3.9,-3,False,0,4,True,False,True,False,True,,False
NL,2010,-34071,-2191,-31880,,-5.3,-0.3,-5,-3.9,False,0,4,True,False,True,False,True,,False
NL,2011,-29110,-7399,-21711,,-4.4,-1.1,-3.3,-2.7,False,0,4,True,False,True,False,True,,False
NL,2012,-25225,-3551,-21674,,-3.8,-0.5,-3.3,-2.9,False,0,4,True,False,True,False,True,,False
NL,2013,-19123,-8386,-10737,,-2.9,-1.3,-1.7,-1.3,False,0,4,True,False,True,False,True,,False
NL,2014,-14775,-6458,-8317,,-2.2,-1,-1.2,-1,False,0,4,True,False,True,False,True,,False
NL,2015,-12766,-197,-12569,,-1.8,0,-1.8,-1.6,False,0,4,True,False,True,False,True,,False
NL,2016,1722,7594,-5872,,0.2,1.1,-0.8,-0.9,False,0,4,True,True,True,True,True,1.293256131,True
NL,2017,10260,2610,7650,,1.4,0.3,1,1.1,False,0,4,True,True,False,True,False,,False
NL,2018,11694,6093,5601,,1.5,0.8,0.7,0.9,False,0,4,True,True,False,True,False,,False
NL,2019,15730,6710,9020,,1.9,0.8,1,1.3,False,0,4,True,True,False,True,False,,False
NL,2020,-30320,4356,-34676,,-3.7,0.5,-4.2,-4,False,0,4,True,False,True,True,True,0.1256200254,False
NL,2021,-20189,7915,-28104,,-2.3,0.9,-3.1,-3.3,False,0,4,True,False,True,True,True,0.2816325078,False
NL,2022,41,11254,-11213,,0,1.1,-1.1,-1.4,False,0,4,True,True,True,True,True,1.00365647,True
NL,2023,-3612,20425,-24037,,-0.3,1.9,-2.3,-2.1,False,0,4,True,False,True,True,True,0.8497316637,False
NL,2024,-8075,14165,-22240,,-0.7,1.3,-1.9,-1.7,False,0,4,True,False,True,True,True,0.6369154676,False
NL,2025,-18895,9627,-28522,,-1.6,0.8,-2.4,-2.1,False,0,4,True,False,True,True,True,0.337528925,False
NO,1995,30265,,30265,,3.2,,3.2,3.2,False,,3,False,True,False,False,False,,False
NO,1996,65027,,65027,,6.2,,6.2,6.4,False,,3,False,True,False,False,False,,False
NO,1997,85144,,85144,,7.5,,7.5,7.6,False,,3,False,True,False,False,False,,False
NO,1998,37025,,37025,,3.2,,3.2,4.6,False,,3,False,True,False,False,False,,False
NO,1999,73539,,73539,,5.8,,5.9,6.7,False,,3,False,True,False,False,False,,False
NO,2000,227071,,227071,,15.1,,15.2,15.5,False,,3,False,True,False,False,False,,False
NO,2001,206385,,206385,,13.2,,13.2,13.9,False,,3,False,True,False,False,False,,False
NO,2002,141194,,141194,,9.1,,9.1,9,False,,3,False,True,False,False,False,,False
NO,2003,117007,,117007,,7.2,,7.2,8.2,False,,3,False,True,False,False,False,,False
NO,2004,193738,,193738,,10.8,,10.8,11.4,False,,3,False,True,False,False,False,,False
NO,2005,293981,,293981,,14.7,,14.7,14.7,False,,3,False,True,False,False,False,,False
NO,2006,397840,,397840,,17.7,,17.7,17.8,False,,3,False,True,False,False,False,,False
NO,2007,402119,,402119,,16.8,,16.9,17.3,False,,3,False,True,False,False,False,,False
NO,2008,485904,,485904,,18.3,,18.3,19.3,False,,3,False,True,False,False,False,,False
NO,2009,248715,,248715,,10,,10,11,False,,3,False,True,False,False,False,,False
NO,2010,283236,,283236,,10.6,,10.7,11.5,False,,3,False,True,False,False,False,,False
NO,2011,372959,,372959,,13,,13,13.7,False,,3,False,True,False,False,False,,False
NO,2012,408074,,408074,,13.4,,13.4,13.9,False,,3,False,True,False,False,False,,False
NO,2013,327612,,327612,,10.3,,10.3,11.1,False,,3,False,True,False,False,False,,False
NO,2014,269992,,269992,,8.3,,8.3,9,False,,3,False,True,False,False,False,,False
NO,2015,187135,,187135,,5.8,,5.8,6.1,False,,3,False,True,False,False,False,,False
NO,2016,125673,,125673,,3.9,,3.9,4.3,False,,3,False,True,False,False,False,,False
NO,2017,164998,,164998,,4.8,,4.8,5.2,False,,3,False,True,False,False,False,,False
NO,2018,275710,,275710,,7.5,,7.5,8,False,,3,False,True,False,False,False,,False
NO,2019,234324,,234324,,6.3,,6.3,7.2,False,,3,False,True,False,False,False,,False
NO,2020,-94782,,-94782,,-2.6,,-2.6,-2,False,,3,False,False,True,False,True,,False
NO,2021,445931,,445931,,10,,10,9.6,False,,3,False,True,False,False,False,,False
NO,2022,1460843,,1460843,,24.6,,24.6,25.4,False,,3,False,True,False,False,False,,False
NO,2023,843058,,843058,,15.9,,15.9,16.7,False,,3,False,True,False,False,False,,False
NO,2024,685697,,685697,,12.7,,12.8,13.7,False,,3,False,True,False,False,False,,False
NO,2025,581238,,581238,,10.5,,10.5,11.1,False,,3,False,True,False,False,False,,False
PL,1995,-14466,6401,-20867,,-4.2,1.8,-6,-3.8,False,0,4,True,False,True,True,True,0.3067522883,False
PL,1996,-19835,8836,-28671,,-4.6,2,-6.6,-4.9,False,0,4,True,False,True,True,True,0.3081859719,False
PL,1997,-23838,10263,-34101,,-4.5,2,-6.5,-5,False,0,4,True,False,True,True,True,0.3009589162,False
PL,1998,-25338,9048,-34386,,-4.2,1.5,-5.6,-4.3,False,0,4,True,False,True,True,True,0.2631303437,False
PL,1999,-15199,6,-15205,,-2.2,0,-2.3,-1.5,False,0,4,True,False,True,True,True,0.0003946070372,False
PL,2000,-29912,-6781,-23131,,-4,-0.9,-3.1,-2.7,False,0,4,True,False,True,False,True,,False
PL,2001,-37056,-2656,-34400,,-4.7,-0.3,-4.4,-4.3,False,0,4,True,False,True,False,True,,False
PL,2002,-39129,-2866,-36263,,-4.8,-0.4,-4.5,-4.2,False,0,4,True,False,True,False,True,,False
PL,2003,-51151,-2414,-48737,,-6,-0.3,-5.8,-5.4,False,0,4,True,False,True,False,True,,False
PL,2004,-46751,-2356,-44395,,-5,-0.3,-4.7,-4.9,False,0,4,True,False,True,False,True,,False
PL,2005,-38995.2,2223.9,-41219.8,,-3.9,0.2,-4.1,-4,False,0.7,4,True,False,True,True,True,0.05395222684,False
PL,2006,-37858,7280,-45138,,-3.5,0.7,-4.2,-3.9,False,0,4,True,False,True,True,True,0.161283176,False
PL,2007,-22353,12672,-35025,,-1.9,1.1,-2.9,-2.9,False,0,4,True,False,True,True,True,0.3617987152,False
PL,2008,-46395,5245,-51640,,-3.6,0.4,-4,-3.8,False,0,4,True,False,True,True,True,0.1015685515,False
PL,2009,-99546,-12128,-87418,,-7.2,-0.9,-6.4,-5.3,False,0,4,True,False,True,False,True,,False
PL,2010,-107112,-3079,-104033,,-7.4,-0.2,-7.2,-5.9,False,0,4,True,False,True,False,True,,False
PL,2011,-77798,-1348,-76450,,-5,-0.1,-4.9,-4,False,0,4,True,False,True,False,True,,False
PL,2012,-61570,3460,-65030,,-3.8,0.2,-4.1,-3.7,False,0,4,True,False,True,True,True,0.05320621252,False
PL,2013,-69541,-4629,-64912,,-4.2,-0.3,-3.9,-3.7,False,0,4,True,False,True,False,True,,False
PL,2014,-62629.4,-18766,-43863.4,,-3.7,-1.1,-2.6,-2.3,False,0,4,True,False,True,False,True,,False
PL,2015,-46949.6,-7880.7,-39068.9,,-2.6,-0.4,-2.2,-2.1,False,0,4,True,False,True,False,True,,False
PL,2016,-44468.3,-1769,-42698.3,,-2.4,-0.1,-2.3,-2.6,False,-1,4,True,False,True,False,True,,False
PL,2017,-29670,40970,-70641,,-1.5,2.1,-3.5,-3.6,False,1,4,True,False,True,True,True,0.5799748022,False
PL,2018,-5258,13253,-18511,,-0.2,0.6,-0.8,-0.5,False,0,4,True,False,True,True,True,0.7159526768,False
PL,2019,-16975,12885,-29860,,-0.7,0.6,-1.3,-1.1,False,0,4,True,False,True,True,True,0.4315137307,False
PL,2020,-161932,17428,-179360,,-6.9,0.7,-7.6,-7.8,False,0,4,True,False,True,True,True,0.0971677074,False
PL,2021,-44597,-12254,-32343,,-1.7,-0.5,-1.2,-1.8,False,0,4,True,False,True,False,True,,False
PL,2022,-104475,961,-105435,,-3.4,0,-3.4,-3,False,-1,4,True,False,True,True,True,0.009114620382,False
PL,2023,-177442,-14021,-163421,,-5.2,-0.4,-4.8,-4.1,False,0,4,True,False,True,False,True,,False
PL,2024,-236623,-6795,-229828,,-6.4,-0.2,-6.2,-6.6,False,0,4,True,False,True,False,True,,False
PL,2025,-283969,-4524,-279445,,-7.3,-0.1,-7.2,-7.2,False,0,4,True,False,True,False,True,,False
PT,1995,-4610.5,-441.6,-4168.9,,-5.2,-0.5,-4.7,-4.8,False,0,4,True,False,True,False,True,,False
PT,1996,-4470.1,882.4,-5352.4,,-4.7,0.9,-5.7,-5.4,False,-0.1,4,True,False,True,True,True,0.1648606233,False
PT,1997,-3792,623.6,-4415.6,,-3.7,0.6,-4.3,-3.9,False,4.547473509e-13,4,True,False,True,True,True,0.1412265604,False
PT,1998,-4885.7,83.9,-4969.6,,-4.4,0.1,-4.4,-4.8,False,9.094947018e-13,4,True,False,True,True,True,0.01688264649,False
PT,1999,-3625.8,174.3,-3800.1,,-3,0.1,-3.2,-3.4,False,-4.547473509e-13,4,True,False,True,True,True,0.04586721402,False
PT,2000,-4072.2,157,-4229.1,,-3.2,0.1,-3.3,-2.9,False,-0.1,4,True,False,True,True,True,0.03712373791,False
PT,2001,-6437.8,-208.2,-6229.6,,-4.7,-0.2,-4.6,-4.2,False,0,4,True,False,True,False,True,,False
PT,2002,-4686.6,992,-5678.6,,-3.3,0.7,-4,-3.5,False,0,4,True,False,True,True,True,0.174690945,False
PT,2003,-8325,406.4,-8731.4,,-5.7,0.3,-6,-5.5,False,0,4,True,False,True,True,True,0.04654465492,False
PT,2004,-9442.8,309.8,-9752.6,,-6.2,0.2,-6.4,-6.1,False,1.818989404e-12,4,True,False,True,True,True,0.03176588807,False
PT,2005,-9719.3,512.6,-10231.9,,-6.1,0.3,-6.5,-6.1,False,0,4,True,False,True,True,True,0.05009822223,False
PT,2006,-6928.1,817.4,-7745.5,,-4.2,0.5,-4.6,-4.5,False,0,4,True,False,True,True,True,0.1055322445,False
PT,2007,-5045.2,1420.2,-6465.4,,-2.9,0.8,-3.7,-3.4,False,9.094947018e-13,4,True,False,True,True,True,0.2196615832,False
PT,2008,-6825.1,1680.2,-8505.3,,-3.8,0.9,-4.7,-4.1,False,-9.094947018e-13,4,True,False,True,True,True,0.1975474116,False
PT,2009,-17321,412.5,-17733.4,,-9.9,0.2,-10.1,-9.3,False,-0.1,4,True,False,True,True,True,0.02326119075,False
PT,2010,-20537.1,804.8,-21342,,-11.4,0.4,-11.9,-11,False,0.1,4,True,False,True,True,True,0.03770968044,False
PT,2011,-13624,439,-14063,,-7.7,0.2,-8,-7.9,False,0,4,True,False,True,True,True,0.03121666785,False
PT,2012,-10453.5,313.9,-10767.4,,-6.2,0.2,-6.4,-6.9,False,1.818989404e-12,4,True,False,True,True,True,0.02915281312,False
PT,2013,-8898.3,347.8,-9246.1,,-5.2,0.2,-5.4,-5.6,False,1.818989404e-12,4,True,False,True,True,True,0.03761585966,False
PT,2014,-12751.5,807.6,-13559.1,,-7.4,0.5,-7.8,-8.2,False,0,4,True,False,True,True,True,0.05956147532,False
PT,2015,-8026,1128.5,-9154.5,,-4.5,0.6,-5.1,-5.5,False,0,4,True,False,True,True,True,0.1232727074,False
PT,2016,-3622.1,1569.9,-5192,,-1.9,0.8,-2.7,-3.2,False,0,4,True,False,True,True,True,0.3023690293,False
PT,2017,-5869.6,2242.6,-8112.1,,-3,1.1,-4.1,-4.3,False,-0.1,4,True,False,True,True,True,0.2764512272,False
PT,2018,-872.8,2034.8,-2907.7,,-0.4,1,-1.5,-1.7,False,0.1,4,True,False,True,True,True,0.6997970905,False
PT,2019,249,2975.5,-2726.5,,0.1,1.4,-1.3,-1.6,False,0,4,True,True,True,True,True,1.091325876,True
PT,2020,-11563.9,2197.9,-13761.8,,-5.8,1.1,-6.8,-6.7,False,1.818989404e-12,4,True,False,True,True,True,0.1597102123,False
PT,2021,-6117,2468.3,-8585.3,,-2.8,1.1,-4,-3.7,False,-9.094947018e-13,4,True,False,True,True,True,0.2875030576,False
PT,2022,-757.3,4299.4,-5056.6,,-0.3,1.8,-2,-2,False,-0.1,4,True,False,True,True,True,0.8502551121,False
PT,2023,3029.7,5720.2,-2690.4,,1.1,2.1,-1,-0.9,False,-0.1,4,True,True,True,True,True,2.126152245,True
PT,2024,1862.5,6030.6,-4168,,0.6,2.1,-1.4,-1.5,False,-0.1,4,True,True,True,True,True,1.446880998,True
PT,2025,2058.6,7064.7,-5006.1,,0.7,2.3,-1.6,-1.8,False,4.547473509e-13,4,True,True,True,True,True,1.411218314,True
RO,1995,-152.3,66.4,-218.7,,-2,0.9,-2.9,-3,False,-2.842170943e-14,4,True,False,True,True,True,0.3036122542,False
RO,1996,-406,73.1,-479.1,,-3.6,0.6,-4.2,-4.3,False,0,4,True,False,True,True,True,0.1525777499,False
RO,1997,-1128.8,42.3,-1171.1,,-4.4,0.2,-4.6,-4.6,False,2.273736754e-13,4,True,False,True,True,True,0.03611988729,False
RO,1998,-1198.1,-273.6,-924.5,,-3.2,-0.7,-2.5,-2.5,False,0,4,True,False,True,False,True,,False
RO,1999,-2436.4,147.3,-2583.7,,-4.4,0.3,-4.7,-4.8,False,0,4,True,False,True,True,True,0.05701126292,False
RO,2000,-3716,128,-3844,,-4.6,0.2,-4.7,-5,False,0,4,True,False,True,True,True,0.03329864724,False
RO,2001,-4055.2,491.8,-4547,,-3.5,0.4,-3.9,-4.1,False,0,4,True,False,True,True,True,0.1081592259,False
RO,2002,-2945,249.9,-3194.9,,-1.9,0.2,-2.1,-2.1,False,0,4,True,False,True,True,True,0.07821841059,False
RO,2003,-2736.5,439.4,-3175.9,,-1.4,0.2,-1.6,-1.8,False,0,4,True,False,True,True,True,0.1383544822,False
RO,2004,-2658.2,183,-2841.2,,-1.1,0.1,-1.2,-1,False,4.547473509e-13,4,True,False,True,True,True,0.06440940448,False
RO,2005,-2319.2,231.2,-2550.4,,-0.8,0.1,-0.9,-0.9,False,4.547473509e-13,4,True,False,True,True,True,0.09065244668,False
RO,2006,-7329.1,3673.1,-11002.2,,-2.1,1.1,-3.2,-3.2,False,-1.818989404e-12,4,True,False,True,True,True,0.3338514115,False
RO,2007,-11761.3,4183.8,-15945.1,,-2.8,1,-3.7,-3.5,False,0,4,True,False,True,True,True,0.2623878182,False
RO,2008,-29217.1,-531.5,-28685.6,,-5.4,-0.1,-5.3,-4.3,False,0,4,True,False,True,False,True,,False
RO,2009,-50537.8,-6077,-44460.8,,-9.5,-1.1,-8.4,-7.7,False,0,4,True,False,True,False,True,,False
RO,2010,-38447.8,-3784.9,-34662.9,,-7.1,-0.7,-6.4,-6.3,False,0,4,True,False,True,False,True,,False
RO,2011,-32592.1,-904.8,-31687.3,,-5.6,-0.2,-5.4,-4.8,False,3.637978807e-12,4,True,False,True,False,True,,False
RO,2012,-23729.8,-311.6,-23418.2,,-3.8,-0.1,-3.7,-3.3,False,-3.637978807e-12,4,True,False,True,False,True,,False
RO,2013,-14325.8,2890.4,-17216.2,,-2.3,0.5,-2.7,-2.8,False,1.818989404e-12,4,True,False,True,True,True,0.1678883842,False
RO,2014,-7935,1231.9,-9166.9,,-1.2,0.2,-1.4,-1.9,False,0,4,True,False,True,True,True,0.1343856702,False
RO,2015,-3718.9,1595.7,-5314.6,,-0.5,0.2,-0.8,-1.5,False,4.547473509e-13,4,True,False,True,True,True,0.3002483724,False
RO,2016,-18899.1,886.3,-19785.4,,-2.5,0.1,-2.6,-2.8,False,0,4,True,False,True,True,True,0.0447956574,False
RO,2017,-21400.3,1273.4,-22673.7,,-2.5,0.1,-2.6,-2.8,False,0,4,True,False,True,True,True,0.05616198503,False
RO,2018,-26908.1,3448,-30356.1,,-2.8,0.4,-3.2,-3.1,False,0,4,True,False,True,True,True,0.1135850785,False
RO,2019,-46147.4,795.6,-46943,,-4.4,0.1,-4.5,-4.3,False,0,4,True,False,True,True,True,0.01694821379,False
RO,2020,-98471.3,1803.4,-100274.7,,-9.3,0.2,-9.4,-9.1,False,1.455191523e-11,4,True,False,True,True,True,0.01798459631,False
RO,2021,-85177,-2328.9,-82848.1,,-7.2,-0.2,-7,-7.2,False,0,4,True,False,True,False,True,,False
RO,2022,-90178.5,-1230,-88948.5,,-6.5,-0.1,-6.4,-6.5,False,0,4,True,False,True,False,True,,False
RO,2023,-105127.7,1374.7,-106502.4,,-6.6,0.1,-6.7,-6.5,False,0,4,True,False,True,True,True,0.01290769034,False
RO,2024,-162782.4,-3681.3,-159101.1,,-9.3,-0.2,-9,-8.5,False,0,4,True,False,True,False,True,,False
RO,2025,-151063,1561.7,-152624.7,,-7.9,0.1,-8,-7.8,False,0,4,True,False,True,True,True,0.01023228874,False
SE,1995,-133513,14875,-148388,,-7,0.8,-7.8,-7.4,False,0,4,True,False,True,True,True,0.100243955,False
SE,1996,-60858,12457,-73315,,-3.1,0.6,-3.7,-3.4,False,0,4,True,False,True,True,True,0.1699106595,False
SE,1997,-32172,9917,-42089,,-1.6,0.5,-2.1,-1.6,False,0,4,True,False,True,True,True,0.2356197581,False
SE,1998,17689,24855,-7166,,0.8,1.2,-0.4,-0.2,False,0,4,True,True,True,True,True,,False
SE,1999,13525,-40710,54235,,0.6,-1.8,2.4,2.7,False,0,4,True,True,False,False,False,,False
SE,2000,74743,-8431,83174,,3.1,-0.4,3.4,3.4,False,0,4,True,True,False,False,False,,False
SE,2001,34402,-123939,158341,,1.4,-4.9,6.4,6.6,False,0,4,True,True,False,False,False,,False
SE,2002,-37929,23596,-61525,,-1.5,0.9,-2.4,-1.8,False,0,4,True,False,True,True,True,0.3835188948,False
SE,2003,-33686,24419,-58105,,-1.2,0.9,-2.1,-1.8,False,0,4,True,False,True,True,True,0.4202564323,False
SE,2004,4307,24038,-19731,,0.2,0.9,-0.7,-0.7,False,0,4,True,True,True,True,True,1.218285946,True
SE,2005,58299,28363,29936,,2,1,1,0.7,False,0,4,True,True,False,True,False,,False
SE,2006,68603,28933,39670,,2.2,0.9,1.3,1.2,False,0,4,True,True,False,True,False,,False
SE,2007,111767,33684,78083,,3.4,1,2.3,2.3,False,0,4,True,True,False,True,False,,False
SE,2008,63457,33410,30047,,1.9,1,0.8,1,False,0,4,True,True,False,True,False,,False
SE,2009,-30497,6891,-37388,,-0.9,0.2,-1.1,-0.8,False,0,4,True,False,True,True,True,0.1843104739,False
SE,2010,-5897,3956,-9853,,-0.2,0.1,-0.3,-0.4,False,0,4,True,False,True,True,True,,False
SE,2011,-15668,19189,-34857,,-0.4,0.5,-0.9,-0.5,False,0,4,True,False,True,True,True,0.5505063545,False
SE,2012,-44533,9316,-53849,,-1.2,0.3,-1.5,-1.2,False,0,4,True,False,True,True,True,0.1730022842,False
SE,2013,-62267,-4562,-57705,,-1.6,-0.1,-1.6,-1.3,False,0,4,True,False,True,False,True,,False
SE,2014,-73945,6114,-80059,,-1.9,0.2,-2,-1.3,False,0,4,True,False,True,True,True,0.0763686781,False
SE,2015,-12221,9983,-22204,,-0.3,0.2,-0.5,0.1,False,0,4,True,False,True,True,False,0.449603675,False
SE,2016,36915,5280,31635,,0.8,0.1,0.7,1.4,False,0,4,True,True,False,True,False,,False
SE,2017,58901,6,58895,,1.3,0,1.3,1.7,False,0,4,True,True,False,True,False,,False
SE,2018,31609,5958,25651,,0.7,0.1,0.5,1.3,False,0,4,True,True,False,True,False,,False
SE,2019,21669,8013,13656,,0.4,0.2,0.3,1.3,False,0,4,True,True,False,True,False,,False
SE,2020,-159927,-8237,-151690,,-3.2,-0.2,-3.1,-2.9,False,0,4,True,False,True,False,True,,False
SE,2021,-11073,-181,-10892,,-0.2,0,-0.2,-0.7,False,0,4,True,False,True,False,True,,False
SE,2022,57635,21300,36335,,1,0.4,0.7,0.4,False,0,4,True,True,False,True,False,,False
SE,2023,-54898,15697,-70595,,-0.9,0.3,-1.1,-0.1,False,0,4,True,False,True,True,True,0.2223528579,False
SE,2024,-104754,29137,-133891,,-1.6,0.5,-2.1,-1.2,False,0,4,True,False,True,True,True,0.2176173156,False
SE,2025,-89415,26350,-115765,,-1.4,0.4,-1.8,-1.4,False,0,4,True,False,True,True,True,0.2276162916,False
SI,1995,-859.8,-74.6,-785.3,,-8.1,-0.7,-7.4,-7.6,False,0.1,4,True,False,True,False,True,,False
SI,1996,-133.3,-61.5,-71.7,,-1.1,-0.5,-0.6,-0.7,False,-0.1,4,True,False,True,False,True,,False
SI,1997,-322.1,-1,-321.1,,-2.3,0,-2.4,-2.7,False,-5.684341886e-14,4,True,False,True,False,True,,False
SI,1998,-365.3,37.1,-402.4,,-2.4,0.2,-2.6,-2.8,False,0,4,True,False,True,True,True,0.09219681909,False
SI,1999,-521.9,1.6,-523.5,,-3,0,-3,-3.1,False,0,4,True,False,True,True,True,0.00305635148,False
SI,2000,-706.7,-94.7,-611.9,,-3.8,-0.5,-3.3,-3.3,False,-0.1,4,True,False,True,False,True,,False
SI,2001,-959,-47.4,-911.5,,-4.6,-0.2,-4.3,-4.3,False,-0.1,4,True,False,True,False,True,,False
SI,2002,-575.8,-34.4,-541.4,,-2.5,-0.1,-2.4,-2.2,False,0,4,True,False,True,False,True,,False
SI,2003,-676,-36.8,-639.3,,-2.7,-0.1,-2.6,-2.5,False,0.1,4,True,False,True,False,True,,False
SI,2004,-543.4,-25.6,-517.7,,-2,-0.1,-1.9,-1.8,False,-0.1,4,True,False,True,False,True,,False
SI,2005,-398.6,216.4,-615,,-1.4,0.7,-2.1,-2.1,False,0,4,True,False,True,True,True,0.3518699187,False
SI,2006,-393.8,21.5,-415.3,,-1.3,0.1,-1.3,-1.2,False,-5.684341886e-14,4,True,False,True,True,True,0.05176980496,False
SI,2007,-26.9,57.8,-84.8,,-0.1,0.2,-0.2,-0.1,False,0.1,4,True,False,True,True,True,,False
SI,2008,-543.7,-40.6,-503.2,,-1.4,-0.1,-1.3,-0.6,False,0.1,4,True,False,True,False,True,,False
SI,2009,-2103.9,-142.6,-1961.3,,-5.9,-0.4,-5.5,-5,False,0,4,True,False,True,False,True,,False
SI,2010,-2002.9,-128.6,-1874.3,,-5.6,-0.4,-5.2,-4.9,False,0,4,True,False,True,False,True,,False
SI,2011,-2459.2,-5,-2454.3,,-6.7,0,-6.7,-6.8,False,0.1,4,True,False,True,False,True,,False
SI,2012,-1507.9,-104.3,-1403.6,,-4.2,-0.3,-3.9,-4,False,-2.273736754e-13,4,True,False,True,False,True,,False
SI,2013,-4046.4,64.7,-4111,,-11.2,0.2,-11.4,-11.3,False,-0.1,4,True,False,True,True,True,0.0157382632,False
SI,2014,-1686.9,78.6,-1765.5,,-4.5,0.2,-4.7,-4.6,False,0,4,True,False,True,True,True,0.04451996602,False
SI,2015,-1092.3,46.1,-1138.4,,-2.8,0.1,-2.9,-3.2,False,2.273736754e-13,4,True,False,True,True,True,0.04049543219,False
SI,2016,-799.9,-67.2,-732.7,,-2,-0.2,-1.8,-2,False,1.136868377e-13,4,True,False,True,False,True,,False
SI,2017,22.9,56.9,-34.1,,0.1,0.1,-0.1,-0.1,False,0.1,4,True,True,True,True,True,,False
SI,2018,407.4,14.2,393.1,,0.9,0,0.9,1.1,False,0.1,4,True,True,False,True,False,,False
SI,2019,328,13.7,314.3,,0.7,0,0.6,0.7,False,0,4,True,True,False,True,False,,False
SI,2020,-3588,10.7,-3598.8,,-7.7,0,-7.7,-7.9,False,0.1,4,True,False,True,True,True,0.002973213293,False
SI,2021,-2398.9,170,-2568.9,,-4.6,0.3,-4.9,-5,False,0,4,True,False,True,True,True,0.06617618436,False
SI,2022,-1714.3,-106.1,-1608.3,,-3,-0.2,-2.8,-2.6,False,0.1,4,True,False,True,False,True,,False
SI,2023,-1654.6,22.4,-1677,,-2.6,0,-2.6,-2.7,False,0,4,True,False,True,True,True,0.01335718545,False
SI,2024,-594.3,108.9,-703.2,,-0.9,0.2,-1.1,-0.7,False,1.136868377e-13,4,True,False,True,True,True,0.1548634812,False
SI,2025,-1786.3,17,-1803.2,,-2.5,0,-2.5,-2.4,False,-0.1,4,True,False,True,True,True,0.009427684117,False
SK,1995,-686.6,1008.2,-1694.8,,-3.4,5,-8.5,-5.5,False,1.136868377e-13,4,True,False,True,True,True,0.5948784517,False
SK,1996,-2162.7,739.9,-2902.5,,-9.7,3.3,-13.1,-11.1,False,-0.1,4,True,False,True,True,True,0.254918174,False
SK,1997,-1532.5,11.7,-1544.2,,-6.2,0,-6.3,-5.1,False,-2.273736754e-13,4,True,False,True,True,True,0.007576738764,False
SK,1998,-1438.6,48.9,-1487.5,,-5.4,0.2,-5.6,-4.7,False,0,4,True,False,True,True,True,0.03287394958,False
SK,1999,-2075.1,-82.1,-1992.9,,-7.3,-0.3,-7,-6.3,False,-0.1,4,True,False,True,False,True,,False
SK,2000,-4014.1,121.9,-4136,,-12.7,0.4,-13.1,-13.5,False,0,4,True,False,True,True,True,0.0294729207,False
SK,2001,-2656.5,257.9,-2914.3,,-7.7,0.8,-8.5,-8.5,False,-0.1,4,True,False,True,True,True,0.08849466424,False
SK,2002,-3113.4,144.6,-3258,,-8.4,0.4,-8.7,-9.1,False,0,4,True,False,True,True,True,0.04438305709,False
SK,2003,-940.2,387.3,-1327.6,,-2.3,0.9,-3.2,-3.2,False,0.1,4,True,False,True,True,True,0.2917294366,False
SK,2004,-1085.2,166.3,-1251.5,,-2.4,0.4,-2.7,-3.2,False,0,4,True,False,True,True,True,0.1328805433,False
SK,2005,-1436.4,-257.7,-1178.7,,-2.9,-0.5,-2.4,-2.6,False,0,4,True,False,True,False,True,,False
SK,2006,-2011.7,83.4,-2095.1,,-3.6,0.1,-3.7,-3.6,False,-2.273736754e-13,4,True,False,True,True,True,0.03980716911,False
SK,2007,-1426.8,61.7,-1488.5,,-2.3,0.1,-2.3,-2.4,False,0,4,True,False,True,True,True,0.04145112529,False
SK,2008,-1741.9,217.4,-1959.4,,-2.5,0.3,-2.8,-2.9,False,0.1,4,True,False,True,True,True,0.1109523323,False
SK,2009,-5242.6,-435.9,-4806.7,,-8.2,-0.7,-7.6,-7,False,0,4,True,False,True,False,True,,False
SK,2010,-5116.3,-20,-5096.3,,-7.4,0,-7.4,-6.6,False,0,4,True,False,True,False,True,,False
SK,2011,-3119.9,280.9,-3400.7,,-4.4,0.4,-4.7,-4.7,False,-0.1,4,True,False,True,True,True,0.08260064104,False
SK,2012,-3219.1,206.3,-3425.4,,-4.4,0.3,-4.6,-4.9,False,0,4,True,False,True,True,True,0.06022654289,False
SK,2013,-2135.7,-186,-1949.7,,-2.9,-0.2,-2.7,-3,False,0,4,True,False,True,False,True,,False
SK,2014,-2484.5,-69.9,-2414.7,,-3.2,-0.1,-3.2,-3.1,False,0.1,4,True,False,True,False,True,,False
SK,2015,-2236.1,-133.9,-2102.2,,-2.8,-0.2,-2.7,-2.8,False,0,4,True,False,True,False,True,,False
SK,2016,-2116.9,-215.7,-1901.2,,-2.6,-0.3,-2.4,-2.9,False,0,4,True,False,True,False,True,,False
SK,2017,-836.6,301.6,-1138.1,,-1,0.4,-1.3,-1.3,False,-0.1,4,True,False,True,True,True,0.2650030753,False
SK,2018,-908.2,25,-933.2,,-1,0,-1.1,-1.2,False,-1.136868377e-13,4,True,False,True,True,True,0.02678954136,False
SK,2019,-1139.3,153,-1292.3,,-1.2,0.2,-1.3,-1.5,False,0,4,True,False,True,True,True,0.1183935619,False
SK,2020,-4995.1,326.6,-5321.7,,-5.3,0.3,-5.6,-5.8,False,-9.094947018e-13,4,True,False,True,True,True,0.06137136629,False
SK,2021,-5186,283.9,-5469.9,,-5.1,0.3,-5.4,-5.4,False,9.094947018e-13,4,True,False,True,True,True,0.05190222856,False
SK,2022,-1719.5,189.2,-1908.7,,-1.6,0.2,-1.8,-1.4,False,-2.273736754e-13,4,True,False,True,True,True,0.09912505894,False
SK,2023,-6556.4,276.2,-6832.6,,-5.3,0.2,-5.5,-5.6,False,9.094947018e-13,4,True,False,True,True,True,0.04042385036,False
SK,2024,-6962.8,347.7,-7310.5,,-5.3,0.3,-5.6,-5.5,False,0,4,True,False,True,True,True,0.04756172628,False
SK,2025,-6086.3,930.7,-7017,,-4.5,0.7,-5.2,-5.1,False,0,4,True,False,True,True,True,0.1326350292,False
