year,sector,source,statistical_regime,total_revenue_m_eur,current_revenue_m_eur,tax_revenue_m_eur,social_contributions_m_eur,sales_other_current_revenue_m_eur,capital_revenue_m_eur,total_expenditure_m_eur,primary_expenditure_m_eur,current_primary_expenditure_m_eur,intermediate_consumption_m_eur,compensation_m_eur,social_transfers_m_eur,subsidies_m_eur,other_current_expenditure_m_eur,capital_expenditure_m_eur,gfcf_m_eur,interest_m_eur,balance_m_eur,primary_balance_m_eur,nominal_gdp_m_eur,account_identity_error_m_eur,total_revenue_pct_gdp,current_revenue_pct_gdp,tax_revenue_pct_gdp,social_contributions_pct_gdp,sales_other_current_revenue_pct_gdp,capital_revenue_pct_gdp,total_expenditure_pct_gdp,primary_expenditure_pct_gdp,current_primary_expenditure_pct_gdp,intermediate_consumption_pct_gdp,compensation_pct_gdp,social_transfers_pct_gdp,subsidies_pct_gdp,other_current_expenditure_pct_gdp,capital_expenditure_pct_gdp,gfcf_pct_gdp,interest_pct_gdp,balance_pct_gdp,primary_balance_pct_gdp,account_identity_error_pct_gdp
2000,central_government,Portuguese Public Finance Council annual ESA 2010 workbook,esa2010_modern,37650.73102,36215.94502,26194.35,4436.729,5584.866024,1434.786,41454.68255,37681.15055,33259.98755,4275.745,15189.25655,6830.607,1307.476,5656.903,4421.163,3108.227,3773.532,-3803.951523,-30.41952261,128414.445,0,29.31970077,28.20239189,20.3982893,3.455007729,4.349094858,1.117308882,32.28194659,29.34338933,25.90050329,3.329644885,11.82830837,5.319188974,1.018168945,4.405192111,3.44288604,2.420465237,2.938557263,-2.962245815,-0.02368855202,0
2001,central_government,Portuguese Public Finance Council annual ESA 2010 workbook,esa2010_modern,39179.8633,37285.4343,27215.946,4618.378,5451.110301,1894.429,44940.5604,41006.2004,35376.085,4509.544,16087.985,7391.118,1430.997,5956.441,5630.1154,3499.549,3934.36,-5760.697099,-1826.337099,135775.009,0,28.85646158,27.46119082,20.04488617,3.401493422,4.014811224,1.39527076,33.09928737,30.20158179,26.05493107,3.321335814,11.84900308,5.443651269,1.053947269,4.386993633,4.146650729,2.577461807,2.897705571,-4.24282579,-1.345120219,0
2002,central_government,Portuguese Public Finance Council annual ESA 2010 workbook,esa2010_modern,41738.49751,40290.47351,29004.673,5221.388,6064.412508,1448.024,46831.309,42803.411,38211.11,4540.174,17240.825,8099.162,1269.524,7061.425,4592.301,3299.391,4027.898,-5092.811492,-1064.913492,142554.263,0,29.27902444,28.26325405,20.34640872,3.662737185,4.254108141,1.015770395,32.85156685,30.0260477,26.80460703,3.18487424,12.09421917,5.681458996,0.890554918,4.953499707,3.221440666,2.314480767,2.82551915,-3.572542402,-0.7470232523,0
2003,central_government,Portuguese Public Finance Council annual ESA 2010 workbook,esa2010_modern,41821.94515,40076.33161,28197.787,5946.676,5931.868608,1745.613543,49799.483,45921.26,40556.83,4832.803,17760.857,9242.043,1385.684,7335.443,5364.43,3264.09,3878.223,-7977.537848,-4099.314848,146067.858,0,28.63186037,27.4367901,19.30458034,4.07117355,4.061036213,1.195070269,34.09338898,31.43830589,27.7657457,3.308601267,12.15931913,6.327225665,0.9486577122,5.021941925,3.672560188,2.234639465,2.655083092,-5.461528606,-2.806445514,0
2004,central_government,Portuguese Public Finance Council annual ESA 2010 workbook,esa2010_modern,43953.00512,42849.13059,29721.846,6525.754,6601.530588,1103.87453,53151.77114,49261.18957,42851.167,5209.293,18471.343,9857.166,1126.375,8186.99,6410.022571,3716.768,3890.581572,-9198.766025,-5308.184453,152248.388,0,28.86927454,28.14422612,19.52194463,4.286254906,4.336026591,0.7250484189,34.91122096,32.35580371,28.14556368,3.421575143,12.13237345,6.474397614,0.7398272092,5.377390268,4.210240026,2.441252777,2.555417252,-6.041946418,-3.486529166,0
2005,central_government,Portuguese Public Finance Council annual ESA 2010 workbook,esa2010_modern,46471.15823,45165.58023,31741.793,7055.607,6368.180232,1305.578,56126.51629,52068.94778,46299.82104,5627.67,19584.44304,10766.175,1115.834,9205.699,5769.12674,3222.936,4057.56851,-9655.358061,-5597.789551,158552.704,0,29.30959678,28.48616207,20.01971092,4.450007362,4.016443789,0.823434711,35.39928041,32.84015124,29.20153354,3.549400204,12.35200823,6.790281546,0.7037622014,5.806081365,3.638617693,2.032722192,2.559129178,-6.08968363,-3.530554453,0
2006,central_government,Portuguese Public Finance Council annual ESA 2010 workbook,esa2010_modern,49035.01429,48220.9111,34278.839,6839.089,7102.983097,814.1031972,56597.22592,52028.92519,46987.77523,5892.751,19029.0961,10658.888,1074.059,10332.98113,5041.149964,3066.459,4568.300725,-7562.211624,-2993.910899,166260.469,0,29.49288823,29.00323293,20.61755221,4.113478713,4.272202009,0.4896552993,34.04130053,31.2936235,28.26154378,3.544288691,11.44535211,6.410957496,0.6460098462,6.214935633,3.03207972,1.844370474,2.747677035,-4.548412301,-1.800735266,0
2007,central_government,Portuguese Public Finance Council annual ESA 2010 workbook,esa2010_modern,52121.45184,51262.74246,36609.09,6707.567,7946.085458,858.7093855,58164.19422,53087.04397,48496.98743,6612.156,18985.28989,11263.408,1005.729,10630.40454,4590.056542,2935.455,5077.150247,-6042.742376,-965.592129,175483.401,0,29.70164218,29.2123028,20.86185348,3.82233702,4.528112296,0.4893393795,33.14512591,30.25188916,27.63622494,3.767966635,10.81885226,6.418503366,0.5731191636,6.057783515,2.615664225,1.672782145,2.89323675,-3.443483738,-0.5502469883,0
2008,central_government,Portuguese Public Finance Council annual ESA 2010 workbook,esa2010_modern,53388.50048,52711.80611,37578.611,6906.509,8226.686115,676.69436,60797.69386,55384.97805,50842.6812,6714.376,19311.467,11827.617,888.903,12100.3182,4542.296853,3518.369,5412.715803,-7409.193381,-1996.477578,179102.781,0,29.8088618,29.43103721,20.9815899,3.85617072,4.593276592,0.3778245967,33.94570063,30.92357234,28.38743258,3.748895446,10.78233788,6.603815381,0.4963088764,6.756074994,2.536139767,1.9644413,3.022128285,-4.136838825,-1.11471054,0
2009,central_government,Portuguese Public Finance Council annual ESA 2010 workbook,esa2010_modern,49921.89232,49284.15732,33330.955,7203.101,8750.10132,637.735,66270.34,61100.448,54987.208,7467.256,20071.503,13174.012,933.383,13341.054,6113.24,4288.345,5169.892,-16348.44768,-11178.55568,175416.437,0,28.45907326,28.09551839,19.00104435,4.106286231,4.988187806,0.3635548703,37.77886561,34.83165491,31.34666793,4.256873602,11.44220196,7.510135438,0.5320955185,7.605361406,3.484986986,2.444665433,2.9472107,-9.319792352,-6.372581653,0
2010,central_government,Portuguese Public Finance Council annual ESA 2010 workbook,esa2010_modern,51710.93746,50532.36446,35513.344,7061.10146,7957.919,1178.573,71509.89,66133.738,55699.436,7212.854,20142.251,13089.439,883.98,14370.912,10434.302,6504.183,5376.152,-19798.95254,-14422.80054,179860.351,0,28.75060411,28.09533295,19.74495424,3.925879951,4.42449876,0.6552711553,39.75856246,36.76949235,30.96815707,4.010252376,11.19882781,7.277556686,0.4914813048,7.990038894,5.801335282,3.61624058,2.989070115,-11.00795836,-8.018888243,0
2011,central_government,Portuguese Public Finance Council annual ESA 2010 workbook,esa2010_modern,52920.05635,52268.22635,37497.187,6725.501,8045.538353,651.83,66781.90253,59170.43306,53330.5325,7567.349,18369.015,13074.495,725.471,13594.2025,5839.90056,3741.264,7611.46947,-13861.84618,-6250.376707,176318.001,0,30.01398385,29.64429386,21.26679453,3.81441541,4.563083921,0.3696899898,37.87582785,33.55892916,30.2467883,4.291875451,10.41811664,7.415292214,0.4114560033,7.710047994,3.312140863,2.121884311,4.316898687,-7.861843997,-3.54494531,0
2012,central_government,Portuguese Public Finance Council annual ESA 2010 workbook,esa2010_modern,51152.57797,49480.57997,34982.468,5422.16,9075.95197,1671.998,62755.24698,54525.08954,49456.99531,6677.515,15878.726,11979.637,655.965,14265.15231,5068.09423,2441.666,8230.15744,-11602.66901,-3372.51157,168538.75,0,30.35063329,29.35857776,20.75633526,3.217159259,5.385083235,0.9920555362,37.23490709,32.35166366,29.34458414,3.96200577,9.421409616,7.107942239,0.3892072298,8.464019289,3.007079517,1.448726776,4.883243432,-6.884273801,-2.001030368,0
2013,central_government,Portuguese Public Finance Council annual ESA 2010 workbook,esa2010_modern,55395.977,54808.395,38860.715,6404.131,9543.549,587.582,64951.186,56773.977,52945.773,6600.793,17173.107,12878.872,652.152,15640.849,3828.204,1827.397,8177.209,-9555.209,-1378,170675.649,0,32.45687204,32.11260383,22.76875186,3.752223025,5.59162895,0.344268209,38.05533266,33.26425142,31.02128119,3.867448601,10.06183782,7.54581692,0.3821002022,9.164077648,2.242970232,1.070684079,4.79108124,-5.598460622,-0.8073793819,0
2014,central_government,Portuguese Public Finance Council annual ESA 2010 workbook,esa2010_modern,55565.797,55027.974,39441.825,6279.503,9306.646,537.823,69779.726,61371.915,52333.885,6926.493,16625.051,12889.93,903.103,14989.308,9038.03,1924.95,8407.811,-14213.929,-5806.118,173186.662,0,32.08433973,31.77379445,22.7741701,3.625858324,5.373766024,0.3105452774,40.29162823,35.43686003,30.21819602,3.999437901,9.599498488,7.442796028,0.5214622128,8.655001388,5.21866401,1.111488597,4.854768204,-8.207288504,-3.3525203,0
2015,central_government,Portuguese Public Finance Council annual ESA 2010 workbook,esa2010_modern,57146.272,56463.481,41216.605,6043.098,9203.778,682.791,67077.077,58776.636,52833.973,7035.951,16525.311,13949.867,793.927,14528.917,5942.663,2316.162,8300.440999,-9930.804996,-1630.363997,179392.709,0,31.85540389,31.47479143,22.97562996,3.368641922,5.130519546,0.3806124584,37.39119464,32.76422789,29.45157208,3.922094181,9.211807488,7.776161628,0.4425636942,8.09894509,3.312655811,1.291112673,4.626966751,-5.535790753,-0.9088240019,0
2016,central_government,Portuguese Public Finance Council annual ESA 2010 workbook,esa2010_modern,57827.675,57230.922,41934.555,6150.628,9145.739,596.753,63882.69666,55981.67866,53678.932,7234.014,17004.335,14076.207,708.898,14655.478,2302.74666,1463.449,7901.018,-6055.02166,1845.99634,186380.749,0,31.02663516,30.70645563,22.49940255,3.300033954,4.907019126,0.3201795267,34.27537286,30.03619148,28.80068477,3.881309652,9.123439567,7.552393193,0.3803493675,7.863192995,1.23550671,0.7851932176,4.239181376,-3.248737701,0.9904436751,0
2017,central_government,Portuguese Public Finance Council annual ESA 2010 workbook,esa2010_modern,59609.958,59246.073,44015.756,6182.039,9048.278,363.885,68070.06906,60475.45706,53889.877,7254.38,17394.654,14244.368,616.861,14379.614,6585.58006,1600.032,7594.612,-8460.11106,-865.49906,195509.136,0,30.48960229,30.30348055,22.51340111,3.162020521,4.628058916,0.186121737,34.81682261,30.93229212,27.56386638,3.71050691,8.897105453,7.285781264,0.3155151788,7.354957571,3.368425739,0.8183924459,3.884530491,-4.32722032,-0.4426898291,0
2018,central_government,Portuguese Public Finance Council annual ESA 2010 workbook,esa2010_modern,62729.968,62216.775,46589.055,6179.684,9448.036,513.193,66136.826,59036.065,54805.07,7424.438,17832.07,14611.465,517.352,14419.745,4230.995,1959.2,7100.761,-3406.858,3693.903,204997.646,0,30.60033577,30.34999485,22.72662926,3.014514615,4.608850972,0.2503409234,32.26223681,28.79841118,26.73448748,3.621718661,8.698670618,7.127625748,0.2523697272,7.034102723,2.0639237,0.9557182915,3.463825629,-1.661901035,1.801924594,0
2019,central_government,Portuguese Public Finance Council annual ESA 2010 workbook,esa2010_modern,64478.957,64119.866,47899.927,6177.271,10042.668,359.091,67809.874,61294.307,56719.633,7471.412,18586.189,14879.974,598.999,15183.059,4574.674,2017.132,6515.567,-3330.917,3184.65,214489.895,0,30.061536,29.89411972,22.33202035,2.879982295,4.682117076,0.1674162785,31.61448422,28.57678074,26.44396511,3.483339856,8.665298195,6.937377633,0.2792667692,7.078682658,2.132815628,0.9404321821,3.037703478,-1.552948217,1.484755261,0
2020,central_government,Portuguese Public Finance Council annual ESA 2010 workbook,esa2010_modern,60730.664,60254.63,44545.022,6089.806,9619.802,476.034,74285.28,68322.406,61660.308,7637.905,19149.723,14755.494,1811.847,18305.339,6662.098,2389.583,5962.874,-13554.616,-7591.742,201032.705,0,30.20934529,29.97255098,22.15809711,3.029261333,4.785192539,0.2367943067,36.95183826,33.9857169,30.6717795,3.799334541,9.525675437,7.339847514,0.901269771,9.105652237,3.313937401,1.188653856,2.966121358,-6.742492969,-3.776371611,0
2021,central_government,Portuguese Public Finance Council annual ESA 2010 workbook,esa2010_modern,67585.587,65649.412,48029.681,6384.013,11235.718,1936.175,75570.311,70212.364,64781.782,8401.282,19966.005,15411.592,2336.954,18665.949,5430.582,2628.291,5357.947,-7984.724,-2626.777,216493.745,0,31.21826314,30.32393014,22.18525113,2.948820992,5.189858026,0.8943329979,34.90646393,32.43159011,29.92316568,3.880611886,9.22243966,7.118723915,1.079455667,8.621934551,2.508424435,1.214026299,2.474873812,-3.688200784,-1.213326972,0
2022,central_government,Portuguese Public Finance Council annual ESA 2010 workbook,esa2010_modern,74210.969,73233.068,56301.75,6413.751,10517.567,977.901,79177.104,74298.771,68071.251,9163.131,20456.921,16878.04,2075.335,19497.824,6227.52,3080.859,4878.333,-4966.135,-87.802,243957.084,0,30.41968193,30.01883233,23.07854688,2.629048886,4.311236562,0.4008496019,32.4553412,30.45567269,27.90296141,3.75604219,8.385458895,6.918446361,0.8506967562,7.992317206,2.552711279,1.262869251,1.999668515,-2.035659272,-0.03599075647,0
2023,central_government,Portuguese Public Finance Council annual ESA 2010 workbook,esa2010_modern,80759.467,78644.483,61067.283,6700.489,10876.711,2114.984,83206.913,77410.089,69558.185,9435.177,21638.896,17039.04,1484.001,19961.071,7851.904,3693.686,5796.824,-2447.446,3349.378,270352.615,0,29.87190155,29.08959582,22.5880127,2.478425814,4.023157313,0.7823057306,30.77718076,28.63300915,25.72868955,3.489952187,8.003952912,6.302524575,0.5489131296,7.383346745,2.904319605,1.366247558,2.144171603,-0.9052792036,1.2388924,0
2024,central_government,Portuguese Public Finance Council annual ESA 2010 workbook,esa2010_modern,85645.29655,83582.094,64525.929,7189.763,11866.402,2063.20255,90069.224,83788.136,76360.654,9926.918,23564.871,18632.904,1478.801,22757.16,7427.482,4608.535,6281.088,-4423.92745,1857.16055,289784.317,0,29.55484183,28.84286316,22.26688099,2.481073881,4.094908283,0.7119786783,31.08146946,28.913965,26.35085804,3.425622926,8.131865535,6.429921465,0.5103109151,7.853137201,2.563106961,1.590332785,2.167504462,-1.52662763,0.6408768319,0
2025,central_government,Portuguese Public Finance Council annual ESA 2010 workbook,esa2010_modern,89872.92837,86940.088,68062.293,7558.798,11318.997,2932.840367,95508.733,89144.467,80696.606,10192.876,25190.291,19556.383,1263.392,24493.664,8447.861,4828.262,6364.266,-5635.804633,728.4613672,306765.485,0,29.29694922,28.3408963,22.18707655,2.464031441,3.689788308,0.9560529168,31.1341196,29.05948399,26.30563409,3.322693229,8.211579279,6.375027164,0.4118429425,7.984491476,2.753849899,1.573926089,2.074635613,-1.837170382,0.2374652309,0
1995,general_government,Portuguese Public Finance Council annual ESA 2010 workbook,esa2010_modern,33340.722,32223.535,18885.58,8809.582,4528.373,1117.187,37951.224,33022.317,28393.151,3789.765,11092.903,10977.249,891.945,1641.289,4629.166,3924.865,4928.907,-4610.502,318.405,89028.557,0,37.44946916,36.19460551,21.21294631,9.895231706,5.086427493,1.25486365,42.62814683,37.09182549,31.89218376,4.256797063,12.45993799,12.33003136,1.00186393,1.843553412,5.199641728,4.408546125,5.53632134,-5.178677669,0.3576436716,0
1996,general_government,Portuguese Public Finance Council annual ESA 2010 workbook,esa2010_modern,36241.859,35043.453,20852.06,9274.671,4916.722,1198.406,40711.915,36155.679,30810.364,4104.301,11935.087,11911.131,1126.062,1733.783,5345.315,4593.947,4556.236,-4470.056,86.18,94351.591,0,38.41149748,37.14134826,22.10037984,9.829904193,5.21106422,1.270149223,43.1491558,38.32015827,32.6548431,4.350007198,12.64958744,12.6241973,1.19347431,1.837576857,5.665315172,4.868966121,4.828997531,-4.737658319,0.09133921229,0
1997,general_government,Portuguese Public Finance Council annual ESA 2010 workbook,esa2010_modern,39656.803,37940.652,22349.349,10267.968,5323.335,1716.151,43448.78336,39527.90436,33072.34336,4374,12975.81136,12706.869,1113.348,1902.315,6455.561,5699.517,3920.879,-3791.98036,128.89864,102330.96,0,38.753475,37.07641558,21.84026125,10.03407766,5.202076674,1.677059416,42.45907921,38.62751249,32.31900039,4.274366233,12.68024004,12.41742382,1.087987448,1.858982853,6.308512106,5.56968976,3.831566713,-3.705604208,0.1259625044,0
1998,general_government,Portuguese Public Finance Council annual ESA 2010 workbook,esa2010_modern,42639.753,41281.857,24573.239,11387.15,5321.468,1357.896,47525.42883,44029.06083,36793.95821,4691.038,14524.76321,14045.845,1330.539,2201.773,7235.102617,5681.106,3496.368,-4885.675827,-1389.307827,111353.381,0,38.29228409,37.07283661,22.06779783,10.22613763,4.778901145,1.219447481,42.67982561,39.53994071,33.04251553,4.212748601,13.04384571,12.6137571,1.19487975,1.977284372,6.497425181,5.101871132,3.139884904,-4.387541522,-1.247656618,0
1999,general_government,Portuguese Public Finance Council annual ESA 2010 workbook,esa2010_modern,47296.367,45956.754,27300.68,12111.811,6544.263,1339.613,50922.13654,47399.09654,40279.67154,5216.273,15896.88054,15153.985,1621.931,2390.602,7119.425,5903.716,3523.04,-3625.76954,-102.72954,119603.305,0,39.5443646,38.42431779,22.82602475,10.12665244,5.471640604,1.120046808,42.57586071,39.63025649,33.67772449,4.361311755,13.29133885,12.67020589,1.356092125,1.99877587,5.952531997,4.936080989,2.945604221,-3.031496111,-0.0858918907,0
2000,general_government,Portuguese Public Finance Council annual ESA 2010 workbook,esa2010_modern,50702.40286,49483.33486,29232.254,13460.521,6790.55986,1219.068,54774.56255,50912.66255,44354.06355,5895.935,17627.81355,16753.441,1524.949,2551.925,6558.599,5916.698,3861.9,-4072.15969,-210.25969,128414.445,0,39.48341081,38.5340877,22.76399201,10.48209257,5.288003121,0.9493231077,42.65451799,39.64714604,34.53977748,4.591333163,13.72728243,13.04638353,1.187521388,1.987256963,5.107368567,4.607501905,3.007371951,-3.171107183,-0.1637352324,0
2001,general_government,Portuguese Public Finance Council annual ESA 2010 workbook,esa2010_modern,53476.97974,51520.91974,30322.791,14494.598,6703.530745,1956.06,59914.7764,55857.4004,47648.125,6180.517,18806.304,18254.856,1653.47,2752.978,8209.2754,6833.723,4057.376,-6437.796655,-2380.420655,135775.009,0,39.38646746,37.9458047,22.33311655,10.67545354,4.937234617,1.440662766,44.12798559,41.13967718,35.09344271,4.552028422,13.85107918,13.4449308,1.217801429,2.027602885,6.046234473,5.033122848,2.988308401,-4.741518121,-1.75320972,0
2002,general_government,Portuguese Public Finance Council annual ESA 2010 workbook,esa2010_modern,57666.3704,55407.2844,32418.252,15626.072,7362.960395,2259.086,62352.936,58310.403,51214.431,6409.374,20160.548,19911.836,1558.3,3174.373,7095.972,6568.601,4042.533,-4686.565605,-644.032605,142554.263,0,40.45222442,38.86750437,22.74099092,10.9614905,5.165022946,1.584720058,43.73979051,40.90400509,35.92627111,4.496094235,14.14236767,13.96789937,1.093127604,2.226782232,4.977733988,4.607789947,2.835785416,-3.287566086,-0.4517806704,0
2003,general_government,Portuguese Public Finance Council annual ESA 2010 workbook,esa2010_modern,58026.52961,55592.27907,31699.115,16432.865,7460.29907,2434.25054,66351.57,62468.44,54868.053,6763.234,20896.319,22346.574,1742.891,3119.035,7600.387,6392.525,3883.13,-8325.04039,-4441.91039,146067.858,0,39.7257346,38.05921428,21.7016361,11.25015813,5.107420053,1.666520324,45.42516807,42.76672559,37.56339947,4.630200027,14.30589815,15.29876203,1.193206379,2.135332881,5.203326114,4.37640771,2.658442489,-5.699433472,-3.040990982,0
2004,general_government,Portuguese Public Finance Council annual ESA 2010 workbook,esa2010_modern,61005.6094,59236.22687,33486.79,17307.913,8441.523868,1769.38253,70448.44514,66539.62757,57976.472,7294.883,21728.535,24124.592,1360.384,3468.078,8563.15557,6755.107,3908.81757,-9442.835742,-5534.018172,152248.388,0,40.06979003,38.90762171,21.99484043,11.36820772,5.544573561,1.162168318,46.27204666,43.70465162,38.08018775,4.791435296,14.27176687,15.84554839,0.8935293292,2.277907862,5.624463866,4.436898866,2.567395045,-6.202256632,-3.634861587,0
2005,general_government,Portuguese Public Finance Council annual ESA 2010 workbook,esa2010_modern,64451.88292,62524.81692,35846.222,18431.063,8247.531917,1927.066,74171.17629,70099.83778,62100.08704,7952.218,23026.88104,25994.499,1437.693,3688.796,7999.75074,6468.049,4071.33851,-9719.293373,-5647.954863,158552.704,0,40.65013165,39.43472129,22.60839525,11.62456555,5.201760493,1.215410366,46.78013961,44.21232563,39.16684199,5.015504497,14.52317145,16.39486325,0.9067603161,2.326542473,5.045483639,4.079431531,2.567813987,-6.130007958,-3.562193971,0
2006,general_government,Portuguese Public Finance Council annual ESA 2010 workbook,esa2010_modern,68291.6555,67006.51559,38571.43,19229.796,9205.289589,1285.139914,75219.73653,70593.4965,63922.5851,8313.106,22897.1691,27277.515,1435.429,3999.366,6670.911406,5579.673,4626.24003,-6928.081031,-2301.841001,166260.469,0,41.07510096,40.30213315,23.19939925,11.56606625,5.536667642,0.7729678147,45.24210535,42.4595798,38.44725417,5.000049651,13.77186606,16.40649468,0.8633615727,2.405482208,4.012325627,3.355982955,2.78252555,-4.167004383,-1.384478833,0
2007,general_government,Portuguese Public Finance Council annual ESA 2010 workbook,esa2010_modern,73063.38567,71713.0545,41417.198,19896.32,10399.5365,1350.331169,78108.6133,72903.50542,66412.59889,9369.262,22975.89889,28578.991,1337.045,4151.402,6490.906529,5644.674,5205.107881,-5045.227633,159.880248,175483.401,0,41.63549672,40.86600447,23.6017753,11.33800684,5.926222334,0.769492249,44.51054223,41.54438825,37.84551617,5.339115806,13.09291863,16.28586569,0.7619210663,2.365694975,3.698872082,3.216642695,2.966153979,-2.875045505,0.09110847356,0
2008,general_government,Portuguese Public Finance Council annual ESA 2010 workbook,esa2010_modern,74640.68041,73389.43422,41712.225,20724.764,10952.44521,1251.2462,81465.78559,75892.93595,68757.18,9744.569,23459.256,30212.944,1154.136,4186.275,7135.755953,6650.743,5572.849633,-6825.105171,-1252.255538,179102.781,0,41.67477467,40.97615559,23.28954624,11.57143618,6.115173173,0.6986190795,45.48549449,42.3739573,38.38978916,5.440769231,13.09820868,16.86905353,0.6443987042,2.337359016,3.984168148,3.713366684,3.111537187,-3.810719818,-0.6991826319,0
2009,general_government,Portuguese Public Finance Council annual ESA 2010 workbook,esa2010_modern,70838.8492,69710.1792,37162.841,21203.821,11343.5172,1128.67,88159.877,82929.754,74463.886,10723.477,24574.348,33196.019,1258.351,4711.691,8465.868,7205.483,5230.123,-17321.0278,-12090.9048,175416.437,0,40.38324482,39.73982165,21.18549529,12.08770476,6.466621597,0.6434231702,50.25747787,47.27593116,42.44977681,6.113154037,14.00914784,18.92412112,0.7173506779,2.686003137,4.826154347,4.107644143,2.981546706,-9.874233051,-6.892686345,0
2010,general_government,Portuguese Public Finance Council annual ESA 2010 workbook,esa2010_modern,72787.32031,70884.93631,38934.29566,21368.32665,10582.314,1902.384,93324.456,88078.981,75199.378,10507.09,24578.666,33846.381,1295.421,4971.82,12879.603,9478.734,5245.475,-20537.13569,-15291.66069,179860.351,0,40.46879699,39.4110964,21.64695857,11.88050981,5.883628015,1.057700594,51.88717551,48.9707601,41.80986948,5.841804456,13.66541645,18.81814464,0.7202371133,2.764266817,7.160890618,5.270051986,2.916415414,-11.41837852,-8.501963109,0
2011,general_government,Portuguese Public Finance Council annual ESA 2010 workbook,esa2010_modern,74583.48535,72997.27835,41034.861,21202.593,10759.82435,1586.207,88207.52953,80685.96906,72993.4565,10539.949,22584.816,33728.089,1164.088,4976.5145,7692.51256,6139.764,7521.56047,-13624.04418,-6102.483707,176318.001,0,42.30055067,41.40092216,23.27321134,12.02520042,6.102510403,0.899628507,50.02752358,45.76161742,41.39875457,5.977806543,12.80913796,19.12912397,0.6602207338,2.822465359,4.362862848,3.482210532,4.265906162,-7.726972912,-3.46106675,0
2012,general_government,Portuguese Public Finance Council annual ESA 2010 workbook,esa2010_modern,71850.68572,69172.50572,38340.51975,19142.641,11689.34497,2678.18,82304.16014,74167.2147,68131.30747,9580.654,19657.2,33401.682,970.53016,4521.24131,6035.90723,4158.645,8136.94544,-10453.47442,-2316.52898,168538.75,0,42.63155252,41.04249362,22.74878611,11.3580058,6.935701713,1.589058896,48.83396853,44.00603108,40.42471388,5.684540796,11.66331185,19.81839903,0.5758498624,2.682612343,3.581317193,2.467471131,4.827937457,-6.202416014,-1.374478558,0
2013,general_government,Portuguese Public Finance Council annual ESA 2010 workbook,esa2010_modern,76365.855,74890.034,42656.619,20449.678,11783.737,1475.821,85264.144,77124.891,71606.355,9482.607,21286.724,35182.303,934.515,4720.206,5518.536,3721.199,8139.253,-8898.289,-759.036,170675.649,0,44.74326329,43.87856993,24.9927973,11.9816026,6.904170026,0.8646933576,49.9568301,45.18798754,41.95464052,5.555922626,12.47203343,20.61354576,0.5475385654,2.765600147,3.233347014,2.180275289,4.768842566,-5.213566816,-0.44472425,0
2014,general_government,Portuguese Public Finance Council annual ESA 2010 workbook,esa2010_modern,76797.108,75573.284,43517.87,20457.656,11597.758,1223.824,89548.643,81214.279,70658.043,9743.612,20484.991,34515.786,1139.472,4774.182,10556.236,3449.285,8334.364,-12751.535,-4417.171,173186.662,0,44.3435465,43.63689624,25.12772606,11.81248935,6.696680833,0.7066502616,51.70643164,46.89407259,40.79877872,5.626075292,11.8282729,19.92981769,0.6579444322,2.756668409,6.095293874,1.991657418,4.812359049,-7.36288514,-2.550526091,0
2015,general_government,Portuguese Public Finance Council annual ESA 2010 workbook,esa2010_modern,78651.418,77276.275,45481.858,20783.798,11010.619,1375.143,86677.404,78544.565,70901.2,9905.672,20333.76,35106.746,992.4,4562.621999,7643.365,4042.64,8132.838999,-8025.985998,106.853001,179392.709,0,43.84315195,43.07659739,25.35323662,11.58564254,6.137718228,0.7665545649,48.31712754,43.78358822,39.52289945,5.52178071,11.33477504,19.56977304,0.5531997401,2.543370923,4.260688766,2.253514105,4.53353932,-4.473975583,0.05956373678,0
2016,general_government,Portuguese Public Finance Council annual ESA 2010 workbook,esa2010_modern,79998.988,78984.567,46377.751,21610.273,10996.543,1014.421,83621.04866,75987.74366,72312.108,10269.067,20910.537,35570.986,915.988,4645.53,3675.63566,2890.007,7633.305,-3622.06066,4011.24434,186380.749,0,42.92234495,42.37807146,24.8833376,11.59469157,5.900042284,0.5442734861,44.86571124,40.77016756,38.79805634,5.509725149,11.21925795,19.08511807,0.4914606283,2.492494544,1.972111218,1.550593082,4.095543687,-1.943366297,2.15217739,0
2017,general_government,Portuguese Public Finance Council annual ESA 2010 workbook,esa2010_modern,83059.48,82379.409,48630.864,22693.357,11055.188,680.071,88929.03706,81629.66606,73169.506,10484.445,21402.856,36115.58,806.322,4360.303,8460.16006,3497.327,7299.371,-5869.55706,1429.81394,195509.136,0,42.48368219,42.13583605,24.87395985,11.60731282,5.654563375,0.3478461487,45.48587288,41.75235374,37.42510836,5.362636864,10.94724085,18.4725792,0.4124216477,2.230229793,4.327245383,1.788830472,3.733519133,-3.00219068,0.7313284531,0
2018,general_government,Portuguese Public Finance Council annual ESA 2010 workbook,esa2010_modern,87853.036,86914.38,51549.859,23859.546,11504.975,938.656,88725.861,81920.015,75753.03,10746.985,22040.263,37359.991,781.485,4824.306,6166.985,3797.173,6805.846,-872.825,5933.021,204997.646,0,42.85563162,42.39774539,25.14656144,11.63893658,5.612247372,0.4578862335,43.2814048,39.9614418,36.95312189,5.242491906,10.75147126,18.22459513,0.3812165726,2.353347023,3.00831991,1.852300782,3.319963001,-0.4257731818,2.894189819,0
2019,general_government,Portuguese Public Finance Council annual ESA 2010 workbook,esa2010_modern,91366.173,90553.654,53105.765,25359.715,12088.174,812.519,91117.18,84890.247,78822.717,10917.323,23151.569,38955.458,949.89,4848.477,6067.53,3962.058,6226.933,248.993,6475.926,214489.895,0,42.59695917,42.21814459,24.75909879,11.82326794,5.635777853,0.3788145824,42.48087305,39.57773722,36.74891864,5.089900855,10.79378075,18.16190828,0.4428600238,2.260468727,2.828818579,1.847200308,2.903135833,0.1160861214,3.019221954,0
2020,general_government,Portuguese Public Finance Council annual ESA 2010 workbook,esa2010_modern,87189.676,86110.7,49368.259,25599.416,11143.025,1078.976,98753.544,93056.418,84132.806,10922.89,23937.006,40339.365,3672.854,5260.691,8923.612,4645.363,5697.126,-11563.868,-5866.742,201032.705,0,43.37089132,42.83417467,24.55732713,12.7339559,5.54289164,0.5367166502,49.12312352,46.28919359,41.85030789,5.433389557,11.9070208,20.06607084,1.826993275,2.616833415,4.438885703,2.310749885,2.833929932,-5.752232205,-2.918302273,0
2021,general_government,Portuguese Public Finance Council annual ESA 2010 workbook,esa2010_modern,96378.011,93713.789,53249.014,27333.715,13131.06,2664.222,102495.06,97377.281,89140.996,11965.52,25042.371,41868.989,4255.796,6008.32,8236.285,5589.308,5117.779,-6117.049,-999.27,216493.745,0,44.51768849,43.28706541,24.59609815,12.62563729,6.065329971,1.230623083,47.34319691,44.97925841,41.17485981,5.526958758,11.56724921,19.33958369,1.965782429,2.775285725,3.804398598,2.581741103,2.363938505,-2.825508423,-0.4615699174,0
2022,general_government,Portuguese Public Finance Council annual ESA 2010 workbook,esa2010_modern,106276.305,104706.135,62205.386,29685.178,12815.571,1570.17,107033.577,102425.558,93413.154,13156.161,25976.561,45011.656,2745.898,6522.878,9012.404,5806.512,4608.019,-757.272,3850.747,243957.084,0,43.56352489,42.91989939,25.49849546,12.16819676,5.253207158,0.6436254993,43.87393686,41.98507226,38.2908143,5.392817779,10.64800438,18.4506452,1.125566003,2.673780934,3.694257962,2.380136664,1.8888646,-0.3104119739,1.578452627,0
2023,general_government,Portuguese Public Finance Council annual ESA 2010 workbook,esa2010_modern,116670.606,113763.431,67324.271,32814.627,13624.533,2907.175,113640.888,108087.597,97336.633,14025.937,27820.394,46963.228,2017.155,6509.919,10750.964,6940.194,5553.291,3029.718,8583.009,270352.615,0,43.15497596,42.07964883,24.90239312,12.13771393,5.039541785,1.075327124,42.03432173,39.98022989,36.0035848,5.188016029,10.29041054,17.37110181,0.7461200255,2.407936391,3.976645094,2.567089651,2.054091839,1.120654224,3.174746063,0
2024,general_government,Portuguese Public Finance Council annual ESA 2010 workbook,esa2010_modern,124667.8344,122069.4486,71052.801,35882.506,15134.14156,2598.385796,122805.317,116870.528,106833.798,15076.206,30321.565,52143.207,1885.744,7407.076,10036.73,7880.784,5934.789,1862.517353,7797.306353,289784.317,0,43.02090453,42.12424255,24.51920164,12.38248721,5.222553696,0.8966619805,42.37817915,40.33017701,36.8666597,5.202561048,10.46349413,17.99379882,0.6507405299,2.556065172,3.463517317,2.719534336,2.048002135,0.6427253801,2.690727515,0
2025,general_government,Portuguese Public Finance Council annual ESA 2010 workbook,esa2010_modern,132999.9988,129165.9285,75268.252,38770.801,15126.87553,3834.07025,130941.369,124976.827,113120.536,15722.994,32611.778,55197.642,1718.498,7869.624,11856.291,9167.014,5964.542,2058.629783,8023.171783,306765.485,0,43.35559419,42.10575663,24.53608886,12.63857992,4.931087842,1.249837559,42.68451811,40.74018529,36.87524886,5.125411681,10.63084982,17.993433,0.5601992675,2.565355095,3.864936435,2.988280771,1.944332818,0.6710760771,2.615408895,0
2000,regional_local_government,Portuguese Public Finance Council annual ESA 2010 workbook,esa2010_modern,7234.253858,5765.436858,2520.984,178.878,3065.574858,1468.817,7717.396,7626.197,4601.372,1585.408,2185.608,439.374,92.468,298.514,3024.825,2732.644,91.199,-483.1421419,-391.9431419,128414.445,0,5.633520324,4.489710529,1.963162322,0.1392974132,2.387250794,1.143809795,6.009756924,5.938737655,3.583219941,1.23460254,1.701995441,0.3421530966,0.07200747548,0.232461387,2.355517715,2.127988016,0.0710192689,-0.3762366001,-0.3052173312,0
2001,regional_local_government,Portuguese Public Finance Council annual ESA 2010 workbook,esa2010_modern,8161.061584,6176.943584,2550.616,234.675,3391.652584,1984.118,8695.577,8561.353,5021.804,1635.763,2422.54,523.414,115.846,324.241,3539.549,3227.778,134.224,-534.5154155,-400.2914155,135775.009,0,6.010724392,4.549396557,1.87856073,0.1728410859,2.497994741,1.461327835,6.404401711,6.305544049,3.69862174,1.204760001,1.784231147,0.3855009872,0.08532203448,0.2388075703,2.606922309,2.377299051,0.09885766238,-0.3936773191,-0.2948196568,0
2002,regional_local_government,Portuguese Public Finance Council annual ESA 2010 workbook,esa2010_modern,8565.992719,6624.709719,2814.826,254.746,3555.137719,1941.283,9218.501,9088.665,5502.716,1812.74,2632.474,561.278,150.739,345.485,3585.949,3197.352,129.836,-652.5082811,-522.6722811,142554.263,0,6.0089348,4.647149499,1.974564591,0.1787010747,2.493883834,1.361785301,6.46666105,6.375582749,3.860085194,1.271614024,1.846646985,0.3937293689,0.1057414888,0.2423533276,2.515497555,2.242901708,0.09107830048,-0.4577262492,-0.3666479487,0
2003,regional_local_government,Portuguese Public Finance Council annual ESA 2010 workbook,esa2010_modern,8659.707878,6781.745878,2741.437,241.166,3799.142878,1877.962,9350.197,9223.703,5851.513,1927.849,2730.526,680.524,157.992,354.622,3372.19,3082.506,126.494,-690.4891224,-563.9951224,146067.858,0,5.928551289,4.642873504,1.876824263,0.1651054539,2.600943787,1.285677784,6.401269333,6.314669857,4.006023693,1.319831088,1.869354448,0.4658957893,0.1081634263,0.2427789418,2.308646164,2.110324641,0.08659947625,-0.4727180448,-0.3861185685,0
2004,regional_local_government,Portuguese Public Finance Council annual ESA 2010 workbook,esa2010_modern,9276.94396,7346.28796,3061.713,273.376,4011.19896,1930.656,9802.328,9661.555,6298.094,2031.209,2889.061,829.595,131.924,416.305,3363.461,2995.226,140.773,-525.3840396,-384.6110396,152248.388,0,6.093295359,4.825199174,2.010998632,0.1795592082,2.634641334,1.268096185,6.438378842,6.345916122,4.136722945,1.334141548,1.897597103,0.5448957529,0.08665050693,0.2734380347,2.209193177,1.967328547,0.09246271954,-0.3450834827,-0.2526207631,0
2005,regional_local_government,Portuguese Public Finance Council annual ESA 2010 workbook,esa2010_modern,9715.558628,7806.474628,3254.945,239.305,4312.224628,1909.084,10292.595,10153.662,6714.338,2280.098,3081.569,752.43,165.793,434.448,3439.324,3213.717,138.933,-577.0363721,-438.1033721,158552.704,0,6.127652435,4.923583408,2.052910432,0.1509308854,2.719742091,1.204069027,6.491592222,6.403966469,4.234767261,1.438069451,1.943561303,0.474561443,0.1045664917,0.2740085719,2.169199208,2.026907721,0.08762575251,-0.3639397863,-0.2763140338,0
2006,regional_local_government,Portuguese Public Finance Council annual ESA 2010 workbook,esa2010_modern,10568.73911,8912.309491,3455.45,688.952,4767.907491,1656.42962,10774.41033,10587.47452,7835.639651,2378.431,3493.761,1216.082,185.491,561.874651,2751.834871,2478.149,186.9358046,-205.6712154,-18.7354108,166260.469,0,6.356736015,5.360450109,2.07833529,0.4143811239,2.867733695,0.9962859061,6.480440234,6.368004725,4.712869931,1.430545105,2.101378049,0.7314318354,0.1115665083,0.3379484338,1.655134794,1.49052208,0.112435509,-0.1237042195,-0.01126871042,0
2007,regional_local_government,Portuguese Public Finance Council annual ESA 2010 workbook,esa2010_modern,11242.2054,9622.348631,3928.205,720.206,4973.937631,1619.856767,11707.27438,11425.44395,8414.318289,2690.569,3636.405,1259.229,215.046,613.069289,3011.125664,2691.486,281.830429,-465.0689843,-183.2385553,175483.401,0,6.406420968,5.483338353,2.238505168,0.4104126065,2.834420579,0.9230826149,6.671442607,6.510840278,4.794936866,1.533232764,2.072221634,0.717577271,0.1225449238,0.3493602731,1.715903411,1.533755321,0.160602329,-0.2650216383,-0.1044193093,0
2008,regional_local_government,Portuguese Public Finance Council annual ESA 2010 workbook,esa2010_modern,11612.54793,10027.49465,3972.472,717.619,5337.40365,1585.05328,12708.66954,12386.8539,8843.907,2856.889,3793.184,1457.548,183.233,553.053,3542.9469,3104.281,321.81564,-1096.12161,-774.30597,179102.781,0,6.483734013,5.598737548,2.217984544,0.4006744038,2.980078601,0.8849964647,7.095741043,6.916058942,4.93789485,1.595111468,2.117881129,0.8138053423,0.1023060608,0.3087908501,1.978164091,1.733239977,0.1796821011,-0.6120070296,-0.4323249286,0
2009,regional_local_government,Portuguese Public Finance Council annual ESA 2010 workbook,esa2010_modern,11682.43903,10140.53203,3670.412,788.676,5681.44403,1541.907,13067.476,12806.951,9500.256,3117.691,4139.817,1413.861,141.882,687.005,3306.695,2883.798,260.525,-1385.03697,-1124.51197,175416.437,0,6.659831444,5.780833429,2.092399129,0.4496021088,3.238832191,0.8789980154,7.449402247,7.300884238,5.415829989,1.77730836,2.359993779,0.8060025755,0.08088295625,0.391642318,1.88505425,1.643972509,0.1485180092,-0.7895708029,-0.6410527937,0
2010,regional_local_government,Portuguese Public Finance Council annual ESA 2010 workbook,esa2010_modern,11804.88266,9983.74066,3278.11066,736.473,5969.157,1821.142,13347.841,13276.766,9815.722,3131.88,4094.897,1388.318,173.326,1027.301,3461.044,2957.207,71.075,-1542.95834,-1471.88334,179860.351,0,6.563360182,5.550829076,1.822586602,0.4094693444,3.31877313,1.012531105,7.421224815,7.381708045,5.457412901,1.74128427,2.276709112,0.7718866289,0.09636698641,0.5711659042,1.924295144,1.644168369,0.03951676932,-0.857864633,-0.8183478637,0
2011,regional_local_government,Portuguese Public Finance Council annual ESA 2010 workbook,esa2010_modern,11773.368,9925.344,3374.074,694.402,5856.868,1848.024,11974.538,11825.308,9104.857,2873.278,3903.176,1347.923,205.161,775.319,2720.451,2372.767,149.23,-201.17,-51.94,176318.001,0,6.677348843,5.629228975,1.913629908,0.3938350004,3.321764067,1.048119868,6.79144383,6.706806981,5.163883976,1.629599918,2.213713845,0.7644840529,0.1163585107,0.4397276487,1.542923005,1.345731568,0.08463684885,-0.1140949868,-0.02945813797,0
2012,regional_local_government,Portuguese Public Finance Council annual ESA 2010 workbook,esa2010_modern,11325.65575,9493.23475,3186.98675,639.163,5667.085,1832.421,10490.34616,10327.75716,8564.07816,2803.93,3525.963,1267.542,145.81716,820.826,1763.679,1687.776,162.589,835.30959,997.89859,168538.75,0,6.719912038,5.632671863,1.890951932,0.3792380091,3.362481922,1.087240175,6.224293321,6.127823518,5.081370403,1.663670818,2.092078528,0.7520774896,0.0865184772,0.4870250907,1.046453115,1.001417182,0.09646980294,0.4956187168,0.5920885197,0
2013,regional_local_government,Portuguese Public Finance Council annual ESA 2010 workbook,esa2010_modern,11568.173,10195.442,3618.535,758.131,5818.776,1372.731,11259.093,11063.575,8917.683,2793.116,3836.263,1456.333,127.14,704.831,2145.892,1873.883,195.518,309.08,504.598,170675.649,0,6.777869642,5.973577402,2.120123768,0.4441940045,3.40925963,0.8042922397,6.596777611,6.482222312,5.22492989,1.636505276,2.247692054,0.8532752086,0.07449217316,0.4129651794,1.257292421,1.097920536,0.114555299,0.1810920315,0.2956473305,0
2014,regional_local_government,Portuguese Public Finance Council annual ESA 2010 workbook,esa2010_modern,11053.33,10082.223,3901.976,631.749,5548.498,971.107,10398.572,10196.585,8421.668,2738.72,3588.742,1320.484,113.349,660.373,1774.917,1500.754,201.987,654.758,856.745,173186.662,0,6.382321752,5.821593236,2.253046485,0.3647792461,3.203767505,0.5607285161,6.004256841,5.887627189,4.862769397,1.581368893,2.072181517,0.7624628737,0.06544903556,0.3813070778,1.024857792,0.8665528758,0.1166296513,0.3780649113,0.4946945626,0
2015,regional_local_government,Portuguese Public Finance Council annual ESA 2010 workbook,esa2010_modern,11443.594,10440.142,4080.771,609.649,5749.722,1003.452,10667.309,10453.87,8461.37,2798.498,3566.548,1282.918,122.589,690.817,1992.5,1711.352,213.439,776.285,989.724,179392.709,0,6.379074191,5.819713665,2.274769706,0.3398404558,3.205103503,0.5593605256,5.946344787,5.82736615,4.716674411,1.559984247,1.988123163,0.7151450063,0.06833555315,0.3850864418,1.110691739,0.953969651,0.118978637,0.4327294037,0.5517080407,0
2016,regional_local_government,Portuguese Public Finance Council annual ESA 2010 workbook,esa2010_modern,11545.528,10802.922,4224.257,618.581,5960.084,742.606,10682.51,10503.752,8795.41,2970.16,3660.002,1355.654,114.482,695.112,1708.342,1432.987,178.758,863.018,1041.776,186380.749,0,6.194592554,5.796157628,2.266466372,0.3318910367,3.197800219,0.3984349263,5.731552243,5.635642123,4.719054971,1.59359806,1.963723195,0.7273573088,0.06142372569,0.3729526809,0.9165871525,0.7688492549,0.09591011999,0.4630403111,0.5589504311,0
2017,regional_local_government,Portuguese Public Finance Council annual ESA 2010 workbook,esa2010_modern,11872.341,11205.87,4374.622,628.046,6203.202,666.471,11524.341,11344.181,9134.138,3157.282,3753.335,1405.578,108.579,709.364,2210.043,1876.356,180.16,348,528.16,195509.136,0,6.072524918,5.731634966,2.237553748,0.3212361391,3.172845079,0.3408899521,5.894528121,5.802378974,4.671975022,1.614902538,1.919774736,0.7189321322,0.05553653513,0.3628290803,1.130403952,0.9597280405,0.09214914642,0.177996797,0.2701459435,0
2018,regional_local_government,Portuguese Public Finance Council annual ESA 2010 workbook,esa2010_modern,12468.087,11672.427,4719.256,630.793,6322.378,795.66,11968.846,11799.364,9558.721,3258.999,3940.464,1447.105,164.582,747.571,2240.643,1769.23,169.482,499.241,668.723,204997.646,0,6.082063498,5.693932212,2.302102532,0.3077074358,3.084122244,0.3881312862,5.838528507,5.755853411,4.662844275,1.589773865,1.922199633,0.705912984,0.08028482434,0.364672968,1.093009136,0.8630489347,0.08267509569,0.2435349916,0.3262100873,0
2019,regional_local_government,Portuguese Public Finance Council annual ESA 2010 workbook,esa2010_modern,13034.127,12044.969,4958.667,649.866,6436.436,989.158,12429.687,12292.999,10237.427,3380.842,4281.188,1628.926,240.263,706.208,2055.572,1964.972,136.688,604.44,741.128,214489.895,0,6.076802359,5.615634713,2.311841777,0.3029821055,3.000810831,0.4611676461,5.794998874,5.731271862,4.77291809,1.576224372,1.995985872,0.7594418376,0.1120159996,0.3292500097,0.9583537723,0.9161140202,0.06372701148,0.2818034854,0.3455304969,0
2020,regional_local_government,Portuguese Public Finance Council annual ESA 2010 workbook,esa2010_modern,13173.567,12051.19,4619.294,665.609,6766.287,1122.377,13380.728,13300.773,10537.755,3212.444,4500.738,1688.478,385.021,751.074,2763.018,2218.605,79.955,-207.161,-127.206,201032.705,0,6.552947193,5.994641519,2.297782343,0.3310948833,3.365764292,0.5583056747,6.6559956,6.616223465,5.241811276,1.597970838,2.238808855,0.8399021443,0.1915215736,0.3736078664,1.374412188,1.103604013,0.03977213558,-0.103048407,-0.06327627139,0
2021,regional_local_government,Portuguese Public Finance Council annual ESA 2010 workbook,esa2010_modern,14358.286,13041.842,5007.082,676.092,7358.668,1316.444,14958.928,14863.522,11485.021,3486.501,4781.688,1768.47,602.918,845.444,3378.501,2914.82,95.406,-600.642,-505.236,216493.745,0,6.632194385,6.024119542,2.312806774,0.3122917015,3.399021066,0.608074843,6.909635195,6.865566486,5.305012854,1.6104396,2.208695683,0.8168688661,0.2784921107,0.3905165944,1.560553632,1.346376081,0.0440687097,-0.2774408101,-0.2333721004,0
2022,regional_local_government,Portuguese Public Finance Council annual ESA 2010 workbook,esa2010_modern,15612.797,14547.393,5673.434,708.342,8165.617,1065.404,15703.338,15628.353,12401.035,3917.871,5215.974,1919.765,461.836,885.589,3227.318,2673.247,74.985,-90.541,-15.556,243957.084,0,6.399812928,5.963095132,2.325586905,0.2903551676,3.347153059,0.4367177958,6.436926423,6.406189459,5.083285468,1.605967302,2.138070317,0.7869273433,0.1893103461,0.3630101596,1.322903991,1.095785765,0.03073696356,-0.03711349493,-0.006376531374,0
2023,regional_local_government,Portuguese Public Finance Council annual ESA 2010 workbook,esa2010_modern,17142.118,15650.38,6021.98,745.509,8882.891,1491.738,17385.113,17294.101,13823.911,4495.058,5861.904,2057.176,449.447,960.326,3470.19,3185.412,91.012,-242.995,-151.983,270352.615,0,6.340651819,5.788876871,2.227453949,0.2757543144,3.285668607,0.5517749477,6.430532584,6.396868401,5.113289176,1.662664887,2.168243869,0.7609232853,0.1662447393,0.3552123955,1.283579225,1.178243458,0.03366418335,-0.08988076553,-0.05621658218,0
2024,regional_local_government,Portuguese Public Finance Council annual ESA 2010 workbook,esa2010_modern,19397.8853,17798.49356,6293.968,766.825,10737.70056,1599.391739,19141.996,18989.88,15479.626,5040.37,6431.25,2626.633,346.267,1035.106,3510.254,3195.902,152.116,255.889296,408.005296,289784.317,0,6.693904452,6.141979573,2.171949147,0.2646192202,3.705411207,0.5519248783,6.605601089,6.553108255,5.341774931,1.739352237,2.219323001,0.9064096454,0.1194912836,0.3571987645,1.211333324,1.102855404,0.05249283383,0.08830336253,0.1407961964,0
2025,regional_local_government,Portuguese Public Finance Council annual ESA 2010 workbook,esa2010_modern,21913.97125,19734.95949,6969.8,818.439,11946.72049,2179.011757,21284.229,21163.964,16617.797,5409.524,7071.764,2754.852,341.705,1039.952,4546.167,4236.387,120.265,629.7422505,750.0072505,306765.485,0,7.143558295,6.433239871,2.272028745,0.2667963118,3.894414814,0.7103184237,6.938273711,6.899069496,5.417101275,1.763406988,2.305267165,0.8980319282,0.11138965,0.3390055436,1.481968221,1.380985543,0.03920421491,0.2052845842,0.2444887992,0
2000,social_security_funds,Portuguese Public Finance Council annual ESA 2010 workbook,esa2010_modern,12106.05698,12086.72298,514.756,8844.914,2727.052979,19.334,11949.031,11949.031,11132.551,117.094,252.949,9483.46,125.005,1154.043,816.48,75.827,0,157.0259787,157.0259787,128414.445,0,9.427332711,9.412276772,0.4008552153,6.887787429,2.123634128,0.01505593861,9.305052091,9.305052091,8.66923577,0.0911844458,0.1969786187,7.385041457,0.09734496769,0.898686281,0.6358163211,0.05904865298,0,0.1222806194,0.1222806194,0
2001,social_security_funds,Portuguese Public Finance Council annual ESA 2010 workbook,esa2010_modern,12937.05786,12905.87686,547.312,9641.545,2717.019859,31.181,13145.286,13142.734,12149.455,117.949,295.779,10340.324,106.627,1288.776,993.279,106.396,2.552,-208.2281407,-205.6761407,135775.009,0,9.528305654,9.505340456,0.4031021644,7.101119028,2.001119263,0.02296519826,9.681668296,9.679788716,8.948226253,0.08687092041,0.2178449497,7.615778541,0.07853212516,0.9491997161,0.731562463,0.07836199075,0.001879580063,-0.1533626418,-0.1514830617,0
2002,social_security_funds,Portuguese Public Finance Council annual ESA 2010 workbook,esa2010_modern,14599.44217,14561.66817,581.923,10149.938,3829.807168,37.774,13607.426,13604.362,13518.645,141.266,287.249,11251.396,138.037,1700.697,85.717,71.858,3.064,992.0161678,995.0801678,142554.263,0,10.24132275,10.21482477,0.4082115734,7.120052243,2.686560954,0.02649797993,9.545436042,9.543286685,9.483157301,0.09909629991,0.2015015153,7.892711002,0.09683119753,1.193017286,0.06012938385,0.05040747186,0.002149356979,0.695886708,0.6980360649,0
2003,social_security_funds,Portuguese Public Finance Council annual ESA 2010 workbook,esa2010_modern,15170.99158,15144.22758,739.452,10245.023,4159.752582,26.764,14764.625,14761.53,14681.674,91.307,404.936,12424.007,199.215,1562.209,79.856,45.929,3.095,406.3665819,409.4615819,146067.858,0,10.38626279,10.3679398,0.5062386826,7.013879125,2.847821991,0.01832299067,10.10805882,10.10593994,10.05126946,0.06250998765,0.277224576,8.505640577,0.1363852409,1.069509077,0.05467048062,0.03144360479,0.0021188782,0.2782039714,0.2803228496,0
2004,social_security_funds,Portuguese Public Finance Council annual ESA 2010 workbook,esa2010_modern,16166.80832,16143.99532,671.953,10508.783,4963.25932,22.813,15857.024,15857.021,15779.388,149.238,368.131,13437.831,102.085,1722.103,77.633,43.113,0.003,309.7843197,309.7873197,152248.388,0,10.61870574,10.60372168,0.441353113,6.902393607,3.259974956,0.0149840667,10.41523277,10.4152308,10.36423978,0.09802271273,0.2417963204,8.826255027,0.06705161305,1.131114111,0.05099101608,0.0283175412,1.970464213e-06,0.2034729719,0.2034749423,0
2005,social_security_funds,Portuguese Public Finance Council annual ESA 2010 workbook,esa2010_modern,17460.82106,17437.99006,823.364,11136.151,5478.475056,22.831,16948.209,16944.673,16842.946,146.018,360.869,14475.894,156.066,1704.099,101.727,31.396,3.536,512.6120555,516.1480555,158552.704,0,11.012629,10.99822937,0.519299879,7.023627298,3.455302191,0.01439962828,10.68932196,10.68709178,10.62293204,0.09209429818,0.2276019209,9.130020261,0.09843162309,1.074783941,0.06415973833,0.01980161751,0.002230173255,0.3233070409,0.3255372141,0
2006,social_security_funds,Portuguese Public Finance Council annual ESA 2010 workbook,esa2010_modern,18827.16464,18812.10693,821.914,11701.755,6288.437935,15.057707,18009.78783,18009.78542,17931.40823,146.877,374.312,15402.545,175.879,1831.795233,78.377182,35.065,0.002418,817.3768087,817.3792267,166260.469,0,11.32389723,11.31484053,0.4943532308,7.038206418,3.782280883,0.009056697055,10.83227296,10.83227151,10.78513031,0.08834150468,0.2251358981,9.264105348,0.1057852183,1.10176234,0.04714120108,0.02109040123,1.454344508e-06,0.491624265,0.4916257193,0
2007,social_security_funds,Portuguese Public Finance Council annual ESA 2010 workbook,esa2010_modern,20050.81801,20035.85268,843.182,12468.547,6724.12368,14.96533,18630.66228,18630.53662,18583.26199,172.804,354.204,16056.354,116.27,1883.629987,47.274637,17.733,0.125659,1420.155727,1420.281386,175483.401,0,11.42604822,11.41752016,0.4804910295,7.105257209,3.831771918,0.008528060155,10.61676613,10.61669452,10.58975486,0.09847313137,0.2018447317,9.149785056,0.06625697892,1.073394963,0.02693966309,0.01010522927,7.160734251e-05,0.8092820852,0.8093536925,0
2008,social_security_funds,Portuguese Public Finance Council annual ESA 2010 workbook,esa2010_modern,21274.25123,21262.85947,161.142,13100.636,8001.08147,11.39176,19594.04133,19593.9595,19521.55433,173.304,354.605,16927.779,82,1983.86633,72.40517,28.093,0.08183,1680.2099,1680.29173,179102.781,0,11.87823612,11.87187566,0.08997180228,7.314591056,4.467312805,0.006360459584,10.94011004,10.94006435,10.89963775,0.09676231661,0.1979896672,9.451432806,0.04578376703,1.107669194,0.04042660287,0.01568540692,4.568884947e-05,0.9381260808,0.9381717696,0
2009,social_security_funds,Portuguese Public Finance Council annual ESA 2010 workbook,esa2010_modern,21946.53685,21934.59285,161.474,13212.044,8561.07485,11.944,21534.08,21534.02,21425.171,138.53,363.028,18608.146,183.086,2132.381,108.849,33.34,0.06,412.45685,412.51685,175416.437,0,12.51110627,12.50429733,0.09205180698,7.531816417,4.880429107,0.006808940031,12.27597617,12.27594196,12.2138902,0.07897207489,0.2069520999,10.6079831,0.1043722032,1.215610713,0.0620517677,0.01900620066,3.420432032e-05,0.2351301036,0.2351643079,0
2010,social_security_funds,Portuguese Public Finance Council annual ESA 2010 workbook,esa2010_modern,23078.96619,23068.40719,142.841,13570.75219,9354.814,10.559,22274.191,22274.166,22182.019,162.356,341.518,19368.624,238.115,2071.406,92.147,17.344,0.025,804.77519,804.80019,179860.351,0,12.831603,12.82573233,0.07941772559,7.545160517,5.201154089,0.005870665737,12.38415853,12.38414463,12.3329121,0.09026781005,0.189879536,10.76870132,0.132388822,1.151674612,0.05123252539,0.009643036891,1.389967264e-05,0.4474444676,0.4474583673,0
2011,social_security_funds,Portuguese Public Finance Council annual ESA 2010 workbook,esa2010_modern,22439.304,22415.055,163.6,13782.69,8468.765,24.249,22000.332,22000.326,21930.269,99.322,312.625,19305.671,233.456,1979.195,70.057,25.733,0.006,438.972,438.978,176318.001,0,12.7266098,12.71285681,0.09278689588,7.816950012,4.803119904,0.01375299168,12.47764373,12.47764033,12.43790701,0.05633117404,0.1773074775,10.94934771,0.1324062198,1.122514428,0.03973332252,0.01459465276,3.402942392e-06,0.2489660713,0.2489694742,0
2012,social_security_funds,Portuguese Public Finance Council annual ESA 2010 workbook,esa2010_modern,23037.961,23015.287,171.065,13081.318,9762.904,22.674,22724.076,22724.055,22671.008,99.209,252.511,20154.503,168.748,1996.037,53.047,29.203,0.021,313.885,313.906,168538.75,0,13.6692369,13.65578361,0.1014989135,7.761608532,5.792676165,0.01345328597,13.48299783,13.48298537,13.45151071,0.05886420779,0.1498237052,11.9583793,0.1001241554,1.184319333,0.03147466087,0.01732717253,1.246004257e-05,0.1862390697,0.1862515297,0
2013,social_security_funds,Portuguese Public Finance Council annual ESA 2010 workbook,esa2010_modern,23845.176,23830.265,177.369,13287.416,10365.48,14.911,23497.336,23497.325,23453.482,88.698,277.354,20847.098,155.223,2085.109,43.843,19.919,0.011,347.84,347.851,170675.649,0,13.9710475,13.96231105,0.103921679,7.785185571,6.0732038,0.008736454255,13.76724573,13.76723929,13.74155138,0.05196874922,0.1625035567,12.21445363,0.09094618999,1.221679257,0.02568790584,0.01167067482,6.444973296e-06,0.2038017737,0.2038082187,0
2014,social_security_funds,Portuguese Public Finance Council annual ESA 2010 workbook,esa2010_modern,23744.982,23728.379,174.069,13546.404,10007.906,16.603,22937.346,22937.327,22892.329,78.399,271.198,20305.372,123.02,2114.34,44.998,23.581,0.019,807.636,807.655,173186.662,0,13.71062975,13.70104298,0.1005094723,7.821851777,5.778681732,0.009586765983,13.2442913,13.24428032,13.21829795,0.04526849764,0.1565928905,11.72455879,0.07103318384,1.220844594,0.0259823704,0.01361594463,1.097082176e-05,0.4663384528,0.4663494236,0
2015,social_security_funds,Portuguese Public Finance Council annual ESA 2010 workbook,esa2010_modern,24091.596,24076.112,184.482,14131.051,9760.579,15.484,22963.062,22963.062,22928.276,71.223,241.901,19873.961,75.884,2665.307,34.786,15.126,0,1128.534,1128.534,179392.709,0,13.42952907,13.42089772,0.1028369553,7.877160158,5.440900611,0.008631342983,12.8004433,12.8004433,12.78105232,0.03970228244,0.1348443877,11.07846641,0.04230049283,1.485738754,0.01939097759,0.008431780803,0,0.6290857674,0.6290857674,0
2016,social_security_funds,Portuguese Public Finance Council annual ESA 2010 workbook,esa2010_modern,24800.032,24780.464,218.939,14841.064,9720.461,19.568,23230.089,23230.089,23221.036,64.893,246.2,20139.125,92.608,2678.21,9.053,-6.429,0,1569.943,1569.943,186380.749,0,13.30611242,13.29561349,0.117468677,7.962766584,5.215378226,0.01049893839,12.46378133,12.46378133,12.45892407,0.03481743707,0.1320951876,10.80536757,0.04968753506,1.436956346,0.004857261304,-0.003449390581,0,0.8423310929,0.8423310929,0
2017,social_security_funds,Portuguese Public Finance Council annual ESA 2010 workbook,esa2010_modern,25876.981,25855.718,240.486,15883.272,9731.96,21.263,23634.427,23634.427,23598.342,72.783,254.867,20465.634,80.882,2724.176,36.085,20.939,0,2242.554,2242.554,195509.136,0,13.23568889,13.22481319,0.1230049935,8.124056157,4.977752037,0.0108757066,12.08865605,12.08865605,12.07019911,0.03722741632,0.13036066,10.46786581,0.04136993373,1.393375295,0.01845693799,0.01070998544,0,1.147032842,1.147032842,0
2018,social_security_funds,Portuguese Public Finance Council annual ESA 2010 workbook,esa2010_modern,26675.139,26647.598,241.548,17049.069,9356.981,27.541,24640.347,24640.347,24547.262,63.548,267.729,21301.421,99.551,2815.013,93.085,68.743,0,2034.792,2034.792,204997.646,0,13.01241235,12.99897756,0.1178296457,8.316714525,4.564433389,0.01343478842,12.01981949,12.01981949,11.97441165,0.03099938035,0.1306010119,10.39105639,0.04856202105,1.373192841,0.04540783849,0.0335335558,0,0.9925928613,0.9925928613,0
2019,social_security_funds,Portuguese Public Finance Council annual ESA 2010 workbook,esa2010_modern,28812.083,28781.063,247.171,18532.578,10001.314,31.02,25836.613,25836.613,25832.579,65.069,284.192,22446.558,110.628,2926.132,4.034,-20.046,0,2975.47,2975.47,214489.895,0,13.43283934,13.41837712,0.1152366642,8.640303544,4.662836914,0.01446221977,12.04560849,12.04560849,12.04372775,0.03033662728,0.1324966848,10.46508881,0.05157725496,1.364228371,0.001880741282,-0.009345894826,0,1.387230853,1.387230853,0
2020,social_security_funds,Portuguese Public Finance Council annual ESA 2010 workbook,esa2010_modern,31320.77,31289.877,203.943,18844.001,12241.933,30.893,29122.861,29122.861,29074.037,72.541,286.545,23895.393,1475.986,3343.572,48.824,37.175,0,2197.909,2197.909,201032.705,0,15.5799376,15.56457045,0.1014476724,9.373599684,6.089523095,0.01536715133,14.48662843,14.48662843,14.46234184,0.03608417844,0.1425365092,11.88632118,0.73420193,1.663198035,0.02428659556,0.01849201601,0,1.093309171,1.093309171,0
2021,social_security_funds,Portuguese Public Finance Council annual ESA 2010 workbook,esa2010_modern,32296.492,32254.097,212.251,20273.61,11768.236,42.395,29828.175,29828.175,29770.181,77.737,294.678,24688.927,1315.924,3392.915,57.994,46.197,0,2468.317,2468.317,216493.745,0,14.91797927,14.89839672,0.09804024592,9.364524596,5.435831876,0.01958255191,13.7778461,13.7778461,13.75105826,0.03590727298,0.1361138632,11.40399091,0.6078346513,1.567211561,0.02678784091,0.02133872274,0,1.140133171,1.140133171,0
2022,social_security_funds,Portuguese Public Finance Council annual ESA 2010 workbook,esa2010_modern,34723.692,34689.12,230.202,22563.085,11895.833,34.572,30424.288,30424.288,30359.015,75.159,303.666,26213.851,208.727,3557.612,65.273,52.406,0,4299.404,4299.404,243957.084,0,14.23352478,14.21935343,0.09436167879,9.24879271,4.876199045,0.01417134499,12.47116399,12.47116399,12.44440805,0.03080828758,0.124475172,10.74527149,0.08555890101,1.458294197,0.02675593548,0.02148164716,0,1.762360793,1.762360793,0
2023,social_security_funds,Portuguese Public Finance Council annual ESA 2010 workbook,esa2010_modern,37866.691,37845.16,235.008,25368.629,12241.523,21.531,32146.532,32146.532,31996.584,95.702,319.594,27867.012,83.707,3630.569,149.948,61.096,0,5720.159,5720.159,270352.615,0,14.00640826,13.99844422,0.08692647563,9.383533797,4.527983944,0.007964043551,11.89059407,11.89059407,11.83513021,0.03539895481,0.1182137632,10.30765395,0.03096215659,1.342901381,0.05546386152,0.02259863475,0,2.115814193,2.115814193,0
2024,social_security_funds,Portuguese Public Finance Council annual ESA 2010 workbook,esa2010_modern,41762.66951,41731.323,232.904,27925.918,13572.501,31.346507,35732.114,35732.114,35537.565,108.918,325.444,30883.67,60.676,4158.857,194.549,76.347,0,6030.555507,6030.555507,289784.317,0,14.41163895,14.40082177,0.08037149919,9.636794113,4.683656155,0.01081718546,12.33058931,12.33058931,12.26345351,0.03758588495,0.1123055945,10.65746771,0.02093833118,1.435155996,0.06713579327,0.02634614626,0,2.081049647,2.081049647,0
2025,social_security_funds,Portuguese Public Finance Council annual ESA 2010 workbook,esa2010_modern,45317.20816,45267.37704,236.159,30393.564,14637.65404,49.831125,38252.516,38252.516,38062.64,120.594,349.723,32886.407,113.401,4592.515,189.876,102.365,0,7064.692165,7064.692165,306765.485,0,14.77259026,14.75634622,0.07698356287,9.907752171,4.771610483,0.01624404551,12.46962839,12.46962839,12.40773225,0.03931146296,0.114003373,10.7203739,0.03696667505,1.497076831,0.06189614193,0.03336913864,0,2.302961875,2.302961875,0
