year,sector,debt_m_eur,nominal_gdp_m_eur,stock_flow_adjustment_m_eur,debt_change_m_eur,source,balance_m_eur,debt_reconciliation_error_m_eur
2000,central_government,68782.76262,128414.445,-3282.562936,521.3885868,Portuguese Public Finance Council annual ESA 2010 workbook,-3803.951523,0
2001,central_government,76163.55974,135775.009,1620.100019,7380.797118,Portuguese Public Finance Council annual ESA 2010 workbook,-5760.697099,0
2002,central_government,83321.22148,142554.263,2064.85025,7157.661741,Portuguese Public Finance Council annual ESA 2010 workbook,-5092.811492,0
2003,central_government,90702.66647,146067.858,-596.0928533,7381.444995,Portuguese Public Finance Council annual ESA 2010 workbook,-7977.537848,0
2004,central_government,99138.27724,152248.388,-763.1552571,8435.610768,Portuguese Public Finance Council annual ESA 2010 workbook,-9198.766025,0
2005,central_government,110459.7746,158552.704,1666.139294,11321.49735,Portuguese Public Finance Council annual ESA 2010 workbook,-9655.358061,0
2006,central_government,118204.5662,166260.469,182.579991,7744.791615,Portuguese Public Finance Council annual ESA 2010 workbook,-7562.211624,0
2007,central_government,123173.2965,175483.401,-1074.01207,4968.730306,Portuguese Public Finance Council annual ESA 2010 workbook,-6042.742376,0
2008,central_government,131008.4821,179102.781,425.9922002,7835.185581,Portuguese Public Finance Council annual ESA 2010 workbook,-7409.193381,0
2009,central_government,148604.6182,175416.437,1247.688462,17596.13614,Portuguese Public Finance Council annual ESA 2010 workbook,-16348.44768,0
2010,central_government,174400.5453,179860.351,5996.97453,25795.92707,Portuguese Public Finance Council annual ESA 2010 workbook,-19798.95254,0
2011,central_government,196552.815,176318.001,8290.423483,22152.26966,Portuguese Public Finance Council annual ESA 2010 workbook,-13861.84618,0
2012,central_government,214957.433,168538.75,6801.949063,18404.61807,Portuguese Public Finance Council annual ESA 2010 workbook,-11602.66901,0
2013,central_government,222406.0992,170675.649,-2106.542889,7448.666111,Portuguese Public Finance Council annual ESA 2010 workbook,-9555.209,0
2014,central_government,230377.8329,173186.662,-6242.195298,7971.733702,Portuguese Public Finance Council annual ESA 2010 workbook,-14213.929,0
2015,central_government,236581.8575,179392.709,-3726.780305,6204.024691,Portuguese Public Finance Council annual ESA 2010 workbook,-9930.804996,0
2016,central_government,247169.5301,186380.749,4532.65089,10587.67255,Portuguese Public Finance Council annual ESA 2010 workbook,-6055.02166,0
2017,central_government,251526.6842,195509.136,-4102.956964,4357.154096,Portuguese Public Finance Council annual ESA 2010 workbook,-8460.11106,0
2018,central_government,254746.3577,204997.646,-187.1845399,3219.67346,Portuguese Public Finance Council annual ESA 2010 workbook,-3406.858,0
2019,central_government,255256.2472,214489.895,-2821.02745,509.8895505,Portuguese Public Finance Council annual ESA 2010 workbook,-3330.917,0
2020,central_government,277295.5844,201032.705,8484.721187,22039.33719,Portuguese Public Finance Council annual ESA 2010 workbook,-13554.616,0
2021,central_government,277679.7954,216493.745,-7600.51295,384.2110502,Portuguese Public Finance Council annual ESA 2010 workbook,-7984.724,0
2022,central_government,283178.0103,243957.084,532.0798533,5498.214853,Portuguese Public Finance Council annual ESA 2010 workbook,-4966.135,0
2023,central_government,277864.0646,270352.615,-7761.391711,-5313.945711,Portuguese Public Finance Council annual ESA 2010 workbook,-2447.446,0
2024,central_government,289606.2664,289784.317,7318.274366,11742.20182,Portuguese Public Finance Council annual ESA 2010 workbook,-4423.92745,0
2025,central_government,297429.2731,306765.485,2187.202023,7823.006656,Portuguese Public Finance Council annual ESA 2010 workbook,-5635.804633,0
1995,general_government,54875,89028.557,,,Portuguese Public Finance Council annual ESA 2010 workbook,-4610.502,
1996,general_government,59562,94351.591,216.944,4687,Portuguese Public Finance Council annual ESA 2010 workbook,-4470.056,0
1997,general_government,59929,102330.96,-3424.98036,367,Portuguese Public Finance Council annual ESA 2010 workbook,-3791.98036,0
1998,general_government,61250,111353.381,-3564.675827,1321,Portuguese Public Finance Council annual ESA 2010 workbook,-4885.675827,0
1999,general_government,65551,119603.305,675.23046,4301,Portuguese Public Finance Council annual ESA 2010 workbook,-3625.76954,0
2000,general_government,69591.78301,128414.445,-31.37667855,4040.783011,Portuguese Public Finance Council annual ESA 2010 workbook,-4072.15969,0
2001,general_government,77907.99747,135775.009,1878.417806,8316.214461,Portuguese Public Finance Council annual ESA 2010 workbook,-6437.796655,0
2002,general_government,85526.63586,142554.263,2932.072779,7618.638384,Portuguese Public Finance Council annual ESA 2010 workbook,-4686.565605,0
2003,general_government,93320.86159,146067.858,-530.8146563,7794.225734,Portuguese Public Finance Council annual ESA 2010 workbook,-8325.04039,0
2004,general_government,102154.5812,152248.388,-609.1160915,8833.719651,Portuguese Public Finance Council annual ESA 2010 workbook,-9442.835742,0
2005,general_government,114542.6934,158552.704,2668.818807,12388.11218,Portuguese Public Finance Council annual ESA 2010 workbook,-9719.293373,0
2006,general_government,122467.3634,166260.469,996.5889068,7924.669938,Portuguese Public Finance Council annual ESA 2010 workbook,-6928.081031,0
2007,general_government,127570.8154,175483.401,58.22438183,5103.452015,Portuguese Public Finance Council annual ESA 2010 workbook,-5045.227633,0
2008,general_government,135209.1366,179102.781,813.2160667,7638.321238,Portuguese Public Finance Council annual ESA 2010 workbook,-6825.105171,0
2009,general_government,153624.3679,175416.437,1094.203473,18415.23127,Portuguese Public Finance Council annual ESA 2010 workbook,-17321.0278,0
2010,general_government,179652.8694,179860.351,5491.365797,26028.50149,Portuguese Public Finance Council annual ESA 2010 workbook,-20537.13569,0
2011,general_government,201044.4336,176318.001,7767.520095,21391.56427,Portuguese Public Finance Council annual ESA 2010 workbook,-13624.04418,0
2012,general_government,216746.7113,168538.75,5248.803203,15702.27762,Portuguese Public Finance Council annual ESA 2010 workbook,-10453.47442,0
2013,general_government,223313.3354,170675.649,-2331.664818,6566.624182,Portuguese Public Finance Council annual ESA 2010 workbook,-8898.289,0
2014,general_government,229391.3133,173186.662,-6673.557158,6077.977842,Portuguese Public Finance Council annual ESA 2010 workbook,-12751.535,0
2015,general_government,235046.0506,179392.709,-2371.24868,5654.737318,Portuguese Public Finance Council annual ESA 2010 workbook,-8025.985998,0
2016,general_government,244494.728,186380.749,5826.616691,9448.677351,Portuguese Public Finance Council annual ESA 2010 workbook,-3622.06066,0
2017,general_government,246398.6011,195509.136,-3965.683936,1903.873124,Portuguese Public Finance Council annual ESA 2010 workbook,-5869.55706,0
2018,general_government,248277.2391,204997.646,1005.813028,1878.638028,Portuguese Public Finance Council annual ESA 2010 workbook,-872.825,0
2019,general_government,249043.6201,214489.895,1015.373959,766.3809586,Portuguese Public Finance Council annual ESA 2010 workbook,248.993,0
2020,general_government,269577.6658,201032.705,8970.177721,20534.04572,Portuguese Public Finance Council annual ESA 2010 workbook,-11563.868,0
2021,general_government,268188.5002,216493.745,-7506.214565,-1389.165565,Portuguese Public Finance Council annual ESA 2010 workbook,-6117.049,0
2022,general_government,271357.6218,243957.084,2411.849555,3169.121555,Portuguese Public Finance Council annual ESA 2010 workbook,-757.272,0
2023,general_government,261889.0979,270352.615,-6438.805833,-9468.523833,Portuguese Public Finance Council annual ESA 2010 workbook,3029.718,0
2024,general_government,270901.9382,289784.317,10875.35763,9012.840276,Portuguese Public Finance Council annual ESA 2010 workbook,1862.517353,0
2025,general_government,275062.7698,306765.485,6219.461358,4160.831576,Portuguese Public Finance Council annual ESA 2010 workbook,2058.629783,0
2000,regional_local_government,2875.247631,128414.445,-385.2604329,97.88170894,Portuguese Public Finance Council annual ESA 2010 workbook,-483.1421419,0
2001,regional_local_government,3689.359067,135775.009,279.5960203,814.1114358,Portuguese Public Finance Council annual ESA 2010 workbook,-534.5154155,0
2002,regional_local_government,4657.002074,142554.263,315.1347261,967.6430071,Portuguese Public Finance Council annual ESA 2010 workbook,-652.5082811,0
2003,regional_local_government,5285.490054,146067.858,-62.00114254,628.4879798,Portuguese Public Finance Council annual ESA 2010 workbook,-690.4891224,0
2004,regional_local_government,6174.352362,152248.388,363.478269,888.8623086,Portuguese Public Finance Council annual ESA 2010 workbook,-525.3840396,0
2005,regional_local_government,6998.376851,158552.704,246.9881166,824.0244887,Portuguese Public Finance Council annual ESA 2010 workbook,-577.0363721,0
2006,regional_local_government,7541.858273,166260.469,337.8102071,543.4814225,Portuguese Public Finance Council annual ESA 2010 workbook,-205.6712154,0
2007,regional_local_government,8194.929582,175483.401,188.002324,653.0713084,Portuguese Public Finance Council annual ESA 2010 workbook,-465.0689843,0
2008,regional_local_government,8921.213012,179102.781,-369.8381795,726.2834305,Portuguese Public Finance Council annual ESA 2010 workbook,-1096.12161,0
2009,regional_local_government,9946.273969,175416.437,-359.9760129,1025.060957,Portuguese Public Finance Council annual ESA 2010 workbook,-1385.03697,0
2010,regional_local_government,11239.84869,179860.351,-249.3836233,1293.574717,Portuguese Public Finance Council annual ESA 2010 workbook,-1542.95834,0
2011,regional_local_government,11376.7246,176318.001,-64.29408871,136.8759113,Portuguese Public Finance Council annual ESA 2010 workbook,-201.17,0
2012,regional_local_government,10849.17227,168538.75,307.7572584,-527.5523316,Portuguese Public Finance Council annual ESA 2010 workbook,835.30959,0
2013,regional_local_government,11129.29433,170675.649,589.2020656,280.1220656,Portuguese Public Finance Council annual ESA 2010 workbook,309.08,0
2014,regional_local_government,10949.71554,173186.662,475.1792116,-179.5787884,Portuguese Public Finance Council annual ESA 2010 workbook,654.758,0
2015,regional_local_government,10842.59033,179392.709,669.1597912,-107.1252088,Portuguese Public Finance Council annual ESA 2010 workbook,776.285,0
2016,regional_local_government,10575.48406,186380.749,595.9117305,-267.1062695,Portuguese Public Finance Council annual ESA 2010 workbook,863.018,0
2017,regional_local_government,10328.16444,195509.136,100.6803775,-247.3196225,Portuguese Public Finance Council annual ESA 2010 workbook,348,0
2018,regional_local_government,10212.85095,204997.646,383.9275054,-115.3134946,Portuguese Public Finance Council annual ESA 2010 workbook,499.241,0
2019,regional_local_government,9988.301497,214489.895,379.8905492,-224.5494508,Portuguese Public Finance Council annual ESA 2010 workbook,604.44,0
2020,regional_local_government,10684.99023,201032.705,489.5277295,696.6887295,Portuguese Public Finance Council annual ESA 2010 workbook,-207.161,0
2021,regional_local_government,10882.22633,216493.745,-403.4059007,197.2360993,Portuguese Public Finance Council annual ESA 2010 workbook,-600.642,0
2022,regional_local_government,11216.30904,243957.084,243.5417159,334.0827159,Portuguese Public Finance Council annual ESA 2010 workbook,-90.541,0
2023,regional_local_government,11328.8082,270352.615,-130.4958397,112.4991603,Portuguese Public Finance Council annual ESA 2010 workbook,-242.995,0
2024,regional_local_government,11412.23653,289784.317,339.3176242,83.42832824,Portuguese Public Finance Council annual ESA 2010 workbook,255.889296,0
2025,regional_local_government,11834.41352,306765.485,1051.919237,422.176987,Portuguese Public Finance Council annual ESA 2010 workbook,629.7422505,0
2000,social_security_funds,51.1821,128414.445,194.5110787,37.4851,Portuguese Public Finance Council annual ESA 2010 workbook,157.0259787,0
2001,social_security_funds,206.4061,135775.009,-53.00414067,155.224,Portuguese Public Finance Council annual ESA 2010 workbook,-208.2281407,0
2002,social_security_funds,25.7624,142554.263,811.3724678,-180.6437,Portuguese Public Finance Council annual ESA 2010 workbook,992.0161678,0
2003,social_security_funds,198.2982,146067.858,578.9023819,172.5358,Portuguese Public Finance Council annual ESA 2010 workbook,406.3665819,0
2004,social_security_funds,169.5288,152248.388,281.0149197,-28.7694,Portuguese Public Finance Council annual ESA 2010 workbook,309.7843197,0
2005,social_security_funds,117.5472,158552.704,460.6304555,-51.9816,Portuguese Public Finance Council annual ESA 2010 workbook,512.6120555,0
2006,social_security_funds,81.5993,166260.469,781.4289087,-35.9479,Portuguese Public Finance Council annual ESA 2010 workbook,817.3768087,0
2007,social_security_funds,49.3457,175483.401,1387.902127,-32.2536,Portuguese Public Finance Council annual ESA 2010 workbook,1420.155727,0
2008,social_security_funds,23.2881,179102.781,1654.1523,-26.0576,Portuguese Public Finance Council annual ESA 2010 workbook,1680.2099,0
2009,social_security_funds,9.9856,175416.437,399.15435,-13.3025,Portuguese Public Finance Council annual ESA 2010 workbook,412.45685,0
2010,social_security_funds,4.138,179860.351,798.92759,-5.8476,Portuguese Public Finance Council annual ESA 2010 workbook,804.77519,0
2011,social_security_funds,4.764,176318.001,439.598,0.626,Portuguese Public Finance Council annual ESA 2010 workbook,438.972,0
2012,social_security_funds,4.0859,168538.75,313.2069,-0.6781,Portuguese Public Finance Council annual ESA 2010 workbook,313.885,0
2013,social_security_funds,1.5187,170675.649,345.2728,-2.5672,Portuguese Public Finance Council annual ESA 2010 workbook,347.84,0
2014,social_security_funds,1.1172,173186.662,807.2345,-0.4015,Portuguese Public Finance Council annual ESA 2010 workbook,807.636,0
2015,social_security_funds,1.7607,179392.709,1129.1775,0.6435,Portuguese Public Finance Council annual ESA 2010 workbook,1128.534,0
2016,social_security_funds,1.06,186380.749,1569.2423,-0.7007,Portuguese Public Finance Council annual ESA 2010 workbook,1569.943,0
2017,social_security_funds,0.95,195509.136,2242.444,-0.11,Portuguese Public Finance Council annual ESA 2010 workbook,2242.554,0
2018,social_security_funds,1.5114,204997.646,2035.3534,0.5614,Portuguese Public Finance Council annual ESA 2010 workbook,2034.792,0
2019,social_security_funds,0.313,214489.895,2974.2716,-1.1984,Portuguese Public Finance Council annual ESA 2010 workbook,2975.47,0
2020,social_security_funds,2.5,201032.705,2200.096,2.187,Portuguese Public Finance Council annual ESA 2010 workbook,2197.909,0
2021,social_security_funds,0.3501,216493.745,2466.1671,-2.1499,Portuguese Public Finance Council annual ESA 2010 workbook,2468.317,0
2022,social_security_funds,1.61,243957.084,4300.6639,1.2599,Portuguese Public Finance Council annual ESA 2010 workbook,4299.404,0
2023,social_security_funds,3.3734,270352.615,5721.9224,1.7634,Portuguese Public Finance Council annual ESA 2010 workbook,5720.159,0
2024,social_security_funds,8.8207,289784.317,6036.002807,5.4473,Portuguese Public Finance Council annual ESA 2010 workbook,6030.555507,0
2025,social_security_funds,13.4291,306765.485,7069.300565,4.6084,Portuguese Public Finance Council annual ESA 2010 workbook,7064.692165,0
