year,sector,source,statistical_regime,current_revenue_m_eur,social_contributions_m_eur,capital_revenue_m_eur,total_revenue_m_eur,current_expenditure_m_eur,compensation_m_eur,interest_m_eur,subsidies_m_eur,capital_expenditure_m_eur,gfcf_m_eur,total_expenditure_m_eur,balance_m_eur,current_transfers_received_m_eur,current_transfers_paid_m_eur,capital_transfers_received_m_eur,capital_transfers_paid_m_eur,primary_balance_m_eur,nominal_gdp_m_eur,current_revenue_pct_gdp,social_contributions_pct_gdp,capital_revenue_pct_gdp,total_revenue_pct_gdp,current_expenditure_pct_gdp,compensation_pct_gdp,interest_pct_gdp,subsidies_pct_gdp,capital_expenditure_pct_gdp,gfcf_pct_gdp,total_expenditure_pct_gdp,balance_pct_gdp,current_transfers_received_pct_gdp,current_transfers_paid_pct_gdp,capital_transfers_received_pct_gdp,capital_transfers_paid_pct_gdp,primary_balance_pct_gdp,account_identity_error_m_eur
1977,central_government,Banco de Portugal / INE long series,historical_long_series,709.7059064,0,4.330762862,714.0366693,729.0589181,310.9275147,51.25931365,118.6317488,140.9710498,64.76560489,870.0299679,-155.9932986,98.35981784,162.3636137,4.330762862,76.20544488,-104.733985,3602.601334,19.69981801,0,0.120212104,19.82003011,20.23701349,8.63063897,1.422841688,3.292946897,3.913034963,1.797745542,24.15004846,-4.330018343,2.730244307,4.506843767,0.120212104,2.11528942,-2.907176655,2.842170943e-14
1978,central_government,Banco de Portugal / INE long series,historical_long_series,817.455155,0,4.501735817,821.9568908,946.5822243,390.4589938,102.5646776,182.7820524,189.5365469,89.38349578,1136.118771,-314.1618804,62.65183408,167.0957542,4.501735817,100.1530511,-211.5972029,4456.083151,18.34470155,0,0.1010245021,18.44572605,21.24247219,8.762381234,2.301677821,4.101854614,4.2534338,2.00587585,25.49590599,-7.05017994,1.405984403,3.749834744,0.1010245021,2.24755795,-4.748502119,1.136868377e-13
1979,central_government,Banco de Portugal / INE long series,historical_long_series,1045.327884,0,3.876058699,1049.203943,1197.300347,480.791293,140.9505114,229.2990507,249.0624994,116.6928552,1446.362846,-397.1589032,54.20441735,209.7610658,3.876058699,132.3696442,-256.2083917,5665.868483,18.44956139,0,0.0684106719,18.51797206,21.13180618,8.485747497,2.487712375,4.047023884,4.395839757,2.059575784,25.52764594,-7.00967388,0.956683296,3.702187342,0.0684106719,2.336263973,-4.521961505,-1.136868377e-13
1980,central_government,Banco de Portugal / INE long series,historical_long_series,1425.794364,0,10.91149829,1436.705863,1721.964787,634.3412376,192.2446096,439.3001306,344.9719127,153.8603017,2066.936699,-630.2308367,72.60463782,271.771386,10.91149829,191.111611,-437.9862271,7363.833272,19.36212176,0,0.1481768786,19.51029864,23.38408167,8.614280283,2.610659455,5.965644717,4.684678481,2.089405015,28.06876015,-8.558461516,0.9859625434,3.690623836,0.1481768786,2.595273466,-5.947802061,-1.136868377e-13
1981,central_government,Banco de Portugal / INE long series,historical_long_series,1823.179,0,8.225177323,1831.404177,2423.855772,774.1060195,401.8760659,676.9804852,423.0823665,245.2321854,2846.938138,-1015.533961,80.48007302,332.0762313,8.225177323,177.8501811,-613.6578952,8847.305645,20.60716644,0,0.09296816062,20.7001346,27.3965416,8.749624468,4.542355402,7.651826583,4.782047591,2.771829021,32.17858919,-11.47845459,0.9096562982,3.753416516,0.09296816062,2.01021857,-6.936099189,1.136868377e-13
1982,central_government,Banco de Portugal / INE long series,historical_long_series,2389.824153,0,9.457208128,2399.281361,2716.02263,937.8949781,531.4621951,550.1257106,511.8132251,215.1781157,3227.835855,-828.5544937,111.0226255,403.2256711,9.457208128,296.6351094,-297.0922986,10698.31816,22.33831634,0,0.08839901738,22.42671536,25.38737949,8.766751598,4.967717235,5.142170035,4.784053134,2.011326571,30.17143262,-7.744717267,1.037757747,3.769056642,0.08839901738,2.772726563,-2.777000031,0
1983,central_government,Banco de Portugal / INE long series,historical_long_series,3302.867683,0,31.12849034,3333.996174,3644.810658,1182.270728,772.0899292,781.66705,578.2835335,264.3658152,4223.094191,-889.0980178,139.4547042,526.7166379,31.12849034,313.9177183,-117.0080886,13668.75365,24.16363459,0,0.2277346651,24.39136925,26.66527434,8.649440602,5.648575936,5.71864173,4.230696877,1.934088668,30.89597121,-6.504601962,1.020244477,3.853435738,0.2277346651,2.296608209,-0.8560260257,0
1984,central_government,Banco de Portugal / INE long series,historical_long_series,3893.835829,0,56.30704502,3950.142874,5173.854685,1447.047615,1077.601327,1422.442076,587.6178211,303.1927855,5761.472506,-1811.329632,169.4997905,775.5769994,56.30704502,284.4250357,-733.7283049,16785.04216,23.19824872,0,0.3354596579,23.53370838,30.82419833,8.621054397,6.420009654,8.474462336,3.500842092,1.80632722,34.32504042,-10.79133204,1.009826421,4.620643737,0.3354596579,1.694514872,-4.371322382,4.547473509e-13
1985,central_government,Banco de Portugal / INE long series,historical_long_series,4800.235208,0,60.35086442,4860.586073,6256.052977,1808.221267,1518.736302,1408.759889,757.6217665,338.8909777,7013.674743,-2153.088671,198.0795233,948.6807294,60.35086442,418.7307888,-634.3523683,20605.41146,23.29599298,0,0.2928884217,23.58888141,30.36121355,8.775467892,7.37057013,6.83684425,3.676809696,1.644669792,34.03802325,-10.44914184,0.9612985585,4.604036814,0.2928884217,2.032139905,-3.078571712,-4.547473509e-13
1986,central_government,Banco de Portugal / INE long series,historical_long_series,5914.89325,0.009975957941,163.900001,6078.793251,6780.112073,2238.964097,1946.772778,760.5969613,1096.397682,435.9144462,7876.509754,-1797.716503,438.9426482,1166.463822,163.900001,660.4832354,149.0562744,25181.81629,23.48874753,3.961572044e-05,0.6508664789,24.13961401,26.92463481,8.891193832,7.730867208,3.020421373,4.353926139,1.731068328,31.27856095,-7.13894694,1.74309368,4.632167151,0.6508664789,2.622857811,0.5919202677,9.094947018e-13
1987,central_government,Banco de Portugal / INE long series,historical_long_series,6593.472946,0.009975957941,135.4784968,6728.951443,7495.308523,2631.687633,2194.924731,610.4947078,1049.301184,562.4993765,8544.609707,-1815.658264,640.4919145,1379.304875,135.4784968,486.8018076,379.2664678,29670.65301,22.22220369,3.362230666e-05,0.4566077355,22.67881142,25.26169047,8.869665363,7.397628663,2.057570852,3.536495081,1.895810572,28.79818555,-6.119374127,2.158671447,4.648717623,0.4566077355,1.640684509,1.278254536,6.821210263e-13
1988,central_government,Banco de Portugal / INE long series,historical_long_series,8115.267714,0.009975957941,167.9552279,8283.222942,8463.130864,3309.284624,2282.994483,639.1458335,1250.695823,680.1308846,9713.826687,-1430.603745,673.4918846,1408.77368,167.9552279,570.5649385,852.3907383,35416.43021,22.91385006,2.816759872e-05,0.4742296921,23.38807975,23.89605845,9.343924853,6.446145109,1.804659108,3.531400019,1.920382378,27.42745847,-4.03937872,1.901636841,3.977740479,0.4742296921,1.611017641,2.406766389,2.273736754e-13
1989,central_government,Banco de Portugal / INE long series,historical_long_series,9842.753305,0.01496393691,352.8197045,10195.57301,9826.583774,4113.86309,2563.613192,539.8838798,1481.704093,685.0240919,11308.28787,-1112.714857,906.2609112,1664.638222,352.8197045,796.6800012,1450.898335,41841.30823,23.52400946,3.576354934e-05,0.8432329663,24.36724242,23.48536456,9.832061339,6.126991007,1.290313097,3.54124705,1.637195683,27.02661161,-2.659369184,2.165947839,3.97845644,0.8432329663,1.904051367,3.467621823,4.547473509e-13
1990,central_government,Banco de Portugal / INE long series,historical_long_series,11506.16356,0.1795672429,555.7007612,12061.86432,12381.39974,5007.227582,3665.15747,573.1636755,2098.657236,881.9245618,14480.05698,-2418.192656,932.7969593,1980.287507,555.7007612,1216.732674,1246.964815,50239.23883,22.90274261,0.0003574242905,1.106109038,24.00885165,24.64487924,9.966766413,7.295408044,1.14086855,4.177326896,1.755449689,28.82220614,-4.813354486,1.856709976,3.94171479,1.106109038,2.421877207,2.482053558,-9.094947018e-13
1991,central_government,Banco de Portugal / INE long series,historical_long_series,13839.59404,0.2045071378,688.1665187,14527.76056,15430.41865,6279.890464,4291.924961,538.3675342,2352.525414,957.4176235,17782.94407,-3255.183508,1116.030367,2585.868058,688.1665187,1395.10779,1036.741453,57608.07092,24.02370679,0.000354997372,1.194566157,25.21827294,26.78516813,10.90106015,7.450214687,0.9345349109,4.083673305,1.661950501,30.86884144,-5.650568498,1.937281268,4.488725307,1.194566157,2.421722804,1.799646189,0
1992,central_government,Banco de Portugal / INE long series,historical_long_series,17123.16335,0.1995191588,943.6607775,18066.82413,17073.32396,7545.994154,4397.971389,587.6687184,3022.80504,1316.422422,20096.129,-2029.304875,1342.085574,3058.748416,943.6607775,1706.382618,2368.666514,64765.86489,26.43856201,0.0003080622164,1.457034163,27.89559617,26.36160884,11.65119028,6.790569996,0.9073741536,4.667281206,2.032586802,31.02889004,-3.133293871,2.072211305,4.722778614,1.457034163,2.634694404,3.657276125,-1.591615728e-12
1993,central_government,Banco de Portugal / INE long series,historical_long_series,16637.1675,0.169591285,933.6099999,17570.7775,18567.0849,8238.340599,3998.197843,587.9181173,3090.317335,1392.234714,21657.40224,-4086.624734,1643.424347,4108.239144,933.6099999,1698.082621,-88.42689119,67733.29321,24.56276185,0.0002503809825,1.378362037,25.94112388,27.41205103,12.16291163,5.902854643,0.8679898606,4.562479083,2.055465855,31.97453012,-6.033406233,2.426316911,6.065317289,1.378362037,2.507013228,-0.1305515899,0
1994,central_government,Banco de Portugal / INE long series,historical_long_series,17663.01947,0,991.5403877,18654.55986,19748.898,8616.394489,4365.978492,657.011602,2977.431429,1514.931055,22726.32943,-4071.769574,1429.494917,4107.196656,991.5403877,1462.500374,294.208918,73437.83279,24.0516622,0,1.350176537,25.40183874,26.89199456,11.73290954,5.94513526,0.8946500421,4.054356339,2.062875492,30.9463509,-5.544512166,1.946537449,5.592753081,1.350176537,1.991480846,0.4006230941,5.456968211e-12
1995,central_government,Banco de Portugal / INE long series,historical_long_series,19215.94934,0,1166.708233,20382.65757,21148.31384,9406.275875,4790.097365,677.9311858,3455.082945,1771.096353,24603.39678,-4220.739214,1436.128929,4048.642771,1166.708233,1683.986592,569.3581515,79373.07522,24.2096571,0,1.469904284,25.67956138,26.64419109,11.85071367,6.034914676,0.8541072447,4.352965959,2.231356601,30.99715705,-5.317595673,1.809340164,5.100775999,1.469904284,2.121609359,0.7173190026,4.547473509e-12
1977,general_government,Banco de Portugal / INE long series,historical_long_series,993.3875299,295.6630299,6.85870552,1000.246235,1000.720158,359.778581,52.9733578,119.7298724,147.3315686,105.645225,1148.051726,-147.8054908,40.72322188,362.0991827,6.85870552,41.68634358,-94.83213301,3602.601334,27.57417315,8.206931671,0.1903820291,27.76455518,27.77771018,9.986633202,1.470419646,3.323428302,4.089588464,2.932470601,31.86729865,-4.102743465,1.1303838,10.05104781,0.1903820291,1.157117863,-2.632323819,1.136868377e-13
1978,general_government,Banco de Portugal / INE long series,historical_long_series,1209.133023,354.1307301,16.23264809,1225.365671,1299.022955,453.0069033,104.8028928,184.7896216,206.0693219,145.9561752,1505.092277,-279.7266063,42.41259744,423.6333821,16.23264809,60.11314662,-174.9237136,4456.083151,27.13443582,7.947130205,0.364280637,27.49871646,29.15167673,10.16603344,2.351906129,4.146906943,4.624449654,3.275436528,33.77612639,-6.277409932,0.9517909787,9.50685541,0.364280637,1.349013126,-3.925503803,-5.684341886e-14
1979,general_government,Banco de Portugal / INE long series,historical_long_series,1554.700948,429.51255,9.75760304,1564.458551,1621.975405,565.8185276,140.9989147,232.929999,271.1371979,217.7324356,1893.112603,-328.654052,52.01631159,506.6880802,9.75760304,53.40476227,-187.6551373,5665.868483,27.43976413,7.580701021,0.1722172526,27.61198138,28.62712768,9.986439489,2.488566671,4.111108467,4.785448139,3.842878391,33.41257582,-5.800594436,0.9180642252,8.942814004,0.1722172526,0.9425697476,-3.312027765,0
1980,general_government,Banco de Portugal / INE long series,historical_long_series,2073.429541,556.1441925,14.04122565,2087.470766,2334.194829,758.8236304,193.7739514,446.4853442,378.1532806,309.9177208,2712.34811,-624.8773436,73.05097515,702.8049331,14.04122565,68.2355598,-431.1033922,7363.833272,28.15693219,7.552373498,0.1906782124,28.3476104,31.6980945,10.30473671,2.631427739,6.063219084,5.135277601,4.208646629,36.8333721,-8.485761702,0.9920237524,9.544009311,0.1906782124,0.9266309717,-5.854333963,2.273736754e-13
1981,general_government,Banco de Portugal / INE long series,historical_long_series,2650.364575,702.0872597,10.56887401,2660.933449,3255.298926,920.1570058,404.6232502,686.1834361,508.3143923,471.2225187,3763.613319,-1102.679869,86.27586737,933.322687,10.56887401,37.09187358,-698.0566192,8847.305645,29.95674256,7.935605345,0.1194586741,30.07620123,36.79424061,10.40042068,4.573406485,7.755846397,5.745414623,5.32616977,42.53965523,-12.463454,0.9751654439,10.54923074,0.1194586741,0.4192448534,-7.890047515,-2.273736754e-13
1982,general_government,Banco de Portugal / INE long series,historical_long_series,3484.530708,925.6032312,12.02234615,3496.553054,3766.605462,1118.22987,548.193358,564.3681413,644.4299638,480.4828164,4411.035426,-914.4823725,123.4295974,1152.891225,12.02234615,163.9471474,-366.2890145,10698.31816,32.57082708,8.651857399,0.1123760386,32.68320312,35.20745417,10.45238937,5.124107826,5.275297789,6.023656749,4.491199545,41.23111092,-8.547907801,1.153728984,10.77637819,0.1123760386,1.532457204,-3.423799976,5.684341886e-13
1983,general_government,Banco de Portugal / INE long series,historical_long_series,4673.325043,1156.763211,36.23451981,4709.559563,4921.630539,1402.219734,805.9703424,795.2819082,705.424,532.1877893,5627.054539,-917.4949761,153.0529669,1422.526358,36.23451981,173.2362107,-111.5246337,13668.75365,34.1898403,8.462828731,0.2650901519,34.45493046,36.00643238,10.25857785,5.896443548,5.818247434,5.160850933,3.893462441,41.16728332,-6.712352859,1.119728768,10.40714022,0.2650901519,1.267388492,-0.8159093112,5.684341886e-13
1984,general_government,Banco de Portugal / INE long series,historical_long_series,5587.601776,1412.541545,64.95833042,5652.560106,6624.205722,1704.883695,1111.128801,1437.457853,736.007921,586.4447482,7360.213643,-1707.653536,191.0559822,1764.945815,64.95833042,149.5631728,-596.5247355,16785.04216,33.28917331,8.415478086,0.3870012944,33.67617461,39.46493347,10.15716063,6.619755794,8.563921611,4.384903618,3.493853293,43.84983709,-10.17366248,1.138251429,10.51499185,0.3870012944,0.8910503251,-3.553906685,0
1985,general_government,Banco de Portugal / INE long series,historical_long_series,6847.918218,1681.365469,72.44852406,6920.366742,8098.824618,2138.625649,1557.646858,1423.97321,940.6486168,672.8801638,9039.473235,-2119.106493,228.7841874,2194.232814,72.44852406,267.768453,-561.4596348,20605.41146,33.23359124,8.159824774,0.3515995019,33.58519074,39.30435766,10.37895144,7.559406717,6.910675927,4.565056216,3.265550727,43.86941388,-10.28422314,1.110311181,10.64881824,0.3515995019,1.299505489,-2.724816419,4.547473509e-13
1986,general_government,Banco de Portugal / INE long series,historical_long_series,8825.597853,2424.949577,186.680101,9012.277954,9280.286244,2644.835945,1977.613452,816.5072176,1217.610868,786.8586706,10497.89711,-1485.619158,502.635254,2925.334943,186.680101,430.7521972,491.9942938,25181.81629,35.04750314,9.629764386,0.7413289766,35.78883211,36.85312504,10.50295942,7.853339207,3.242447679,4.835278178,3.124709757,41.68840322,-5.899571107,1.996024625,11.61685444,0.7413289766,1.710568421,1.953768101,-4.547473509e-13
1987,general_government,Banco de Portugal / INE long series,historical_long_series,10129.58068,2857.022835,229.4370567,10359.01774,10753.14811,3137.413833,2279.356251,699.2907094,1245.662224,979.828613,11998.81034,-1639.7926,659.9206014,3649.07473,229.4370567,265.833611,639.5636516,29670.65301,34.14006655,9.629120175,0.7732794308,34.91334598,36.24169684,10.57413139,7.682191055,2.356843003,4.1982973,3.302349337,40.43999414,-5.526648164,2.224152603,12.29859932,0.7732794308,0.8959479622,2.155542891,1.136868377e-12
1988,general_government,Banco de Portugal / INE long series,historical_long_series,12370.59647,3302.224833,301.1093265,12671.70579,12191.93659,3901.342764,2322.19501,749.0559502,1603.504833,1251.593659,13795.44142,-1123.735627,753.7671761,4034.236315,301.1093265,351.9111741,1198.459383,35416.43021,34.92897617,9.323991193,0.850196716,35.77917289,34.42452138,11.01562959,6.556829688,2.114995627,4.527573287,3.533935103,38.95209467,-3.172921778,2.128298001,11.39086094,0.850196716,0.9936381844,3.383907909,-4.547473509e-13
1989,general_government,Banco de Portugal / INE long series,historical_long_series,14757.81555,3919.293682,612.7532646,15370.56881,14222.56391,4882.480721,2595.022496,632.7999521,2038.919529,1394.778584,16261.48344,-890.9146258,915.5923375,4749.174489,612.7532646,644.1409453,1704.10787,41841.30823,35.27092286,9.367043833,1.464469661,36.73539252,33.99168074,11.66904413,6.202058697,1.512380896,4.872982264,3.333496591,38.864663,-2.129270483,2.188249785,11.35044455,1.464469661,1.539485672,4.072788214,-9.094947018e-13
1990,general_government,Banco de Portugal / INE long series,historical_long_series,17387.64674,4748.805379,736.6546623,18124.3014,18107.38766,5962.590158,3963.847627,738.859349,2543.166633,1629.757285,20650.5543,-2526.252896,839.1227143,5799.528137,736.6546623,913.4093485,1437.594732,50239.23883,34.60969383,9.452383216,1.466293438,36.07598726,36.04232088,11.86839271,7.889943637,1.470681814,5.062112191,3.243992789,41.10443307,-5.028445801,1.670253638,11.54382167,1.466293438,1.818119402,2.861497836,-4.547473509e-13
1991,general_government,Banco de Portugal / INE long series,historical_long_series,20847.5868,5663.276504,1040.881476,21888.46828,22337.21031,7456.78415,4425.697569,762.7517682,3006.338948,1928.811564,25343.54926,-3455.08098,1115.875739,7426.980976,1040.881476,1077.527384,970.616589,57608.07092,36.18865632,9.830699784,1.806832722,37.99548904,38.77444592,12.9439921,7.682426261,1.324036296,5.21860722,3.348162043,43.99305314,-5.997564099,1.937012855,12.89225773,1.806832722,1.870445177,1.684862162,-4.547473509e-13
1992,general_government,Banco de Portugal / INE long series,historical_long_series,25822.91963,6681.77193,1355.967119,27178.88675,25307.28282,8942.22424,4569.887072,757.4944384,3779.872981,2435.699963,29087.1558,-1908.269047,1691.702996,8956.804102,1355.967119,1344.173018,2661.618026,64765.86489,39.87118782,10.31681109,2.093644733,41.96483255,39.0750326,13.80700197,7.056011805,1.169589011,5.836211695,3.760777328,44.91124429,-2.94641174,2.612028726,13.82951361,2.093644733,2.075434367,4.109600065,-1.136868377e-12
1993,general_government,Banco de Portugal / INE long series,historical_long_series,26261.98892,7402.63465,1285.147794,27547.13671,27685.36708,9697.449148,4164.781377,901.1432448,3991.576052,2731.591864,31676.94313,-4129.806417,2164.887621,10632.27621,1285.147794,1259.984188,34.97496035,67733.29321,38.7726444,10.92909306,1.897364993,40.67000939,40.87408978,14.3171086,6.148795045,1.330428807,5.89307837,4.032864392,46.76716815,-6.097158754,3.196194247,15.69726749,1.897364993,1.860213978,0.05163629094,9.094947018e-13
1994,general_government,Banco de Portugal / INE long series,historical_long_series,27515.11045,7980.826209,1287.387396,28802.49785,29615.17978,10117.48187,4531.953492,892.7385002,3644.17434,2686.964416,33259.35412,-4456.856276,1476.790934,11385.09692,1287.387396,957.2099239,75.09721593,73437.83279,37.46721465,10.86745878,1.753030213,39.22024487,40.32687057,13.77693415,6.171142747,1.215638406,4.962257465,3.658828581,45.28912804,-6.068883172,2.010940244,15.50304044,1.753030213,1.303428883,0.1022595753,0
1995,general_government,Banco de Portugal / INE long series,historical_long_series,30512.41718,8904.420347,1496.727886,32009.14506,32394.54276,10980.5818,4975.131433,904.5151186,4172.29761,3005.451861,36566.84037,-4557.695302,1528.311769,12598.35796,1496.727886,1166.845749,417.4361317,79373.07522,38.44177272,11.2184394,1.885687157,40.32745988,40.81301205,13.83413931,6.268034115,1.13957424,5.256565401,3.786487865,46.06957745,-5.742117574,1.925478841,15.87233192,1.885687157,1.470077537,0.525916541,3.637978807e-12
1977,regional_local_government,Banco de Portugal / INE long series,historical_long_series,68.66776658,0,38.08874113,106.7565077,55.05354859,32.76113037,0.9359194342,1.098123505,39.66176282,38.58514979,94.71531141,12.0411963,27.26436273,3.661511522,38.08874113,1.076613028,12.97711574,3602.601334,1.906060655,0,1.057256621,2.963317276,1.528161001,0.9093742919,0.02597898983,0.03048140504,1.100920117,1.071035794,2.629081117,0.3342361584,0.7567965533,0.1016352125,1.057256621,0.02988432326,0.3602151482,3.552713679e-15
1978,regional_local_government,Banco de Portugal / INE long series,historical_long_series,78.74273237,0,50.7026005,129.4453329,73.21417791,42.20368834,1.01616032,2.007569239,54.99070134,53.49010847,128.2048793,1.240453622,25.25208442,3.884142809,50.7026005,1.500592874,2.256613942,4456.083151,1.767083999,0,1.137828869,2.904912868,1.643016421,0.9471028009,0.02280389045,0.04505232894,1.234059138,1.200383984,2.877075559,0.02783730868,0.5666879088,0.08716495355,1.137828869,0.03367515422,0.05064119913,2.26485497e-14
1979,regional_local_government,Banco de Portugal / INE long series,historical_long_series,133.481893,0,85.91675947,219.3986525,106.6690295,59.38001125,1.031035129,3.630948212,100.9028227,98.04180505,207.5718522,11.82680028,56.19303091,10.2141723,85.91675947,2.86101769,12.85783541,5665.868483,2.355894659,0,1.516391701,3.87228636,1.882659821,1.048030173,0.01819730076,0.06408458337,1.780888897,1.730393237,3.663548718,0.2087376422,0.9917814202,0.1802754922,1.516391701,0.05049566008,0.226934943,-5.329070518e-15
1980,regional_local_government,Banco de Portugal / INE long series,historical_long_series,161.6516987,0,128.1789437,289.8306424,154.6672762,85.18305473,1.818644567,7.185213635,157.5705799,151.9722643,312.2378561,-22.40721362,77.80291298,20.93469538,128.1789437,5.59831556,-20.58856905,7363.833272,2.195211281,0,1.740655159,3.93586644,2.100363635,1.156775983,0.02469698185,0.09757436609,2.139790162,2.063765687,4.240153797,-0.3042873567,1.056554516,0.2842907302,1.740655159,0.07602447465,-0.2795903748,-7.105427358e-15
1981,regional_local_government,Banco de Portugal / INE long series,historical_long_series,204.7101682,0,153.097111,357.8072792,194.7883448,101.9561072,4.448753504,9.202950888,233.3895562,222.8977863,428.177901,-70.3706218,92.42812044,18.59417774,153.097111,10.49176983,-65.9218683,8847.305645,2.313813678,0,1.730437685,4.044251363,2.201668537,1.152397253,0.05028370989,0.1040198141,2.637973249,2.519386074,4.839641786,-0.795390423,1.044703598,0.2101676882,1.730437685,0.1185871751,-0.7451067132,-1.421085472e-14
1982,regional_local_government,Banco de Portugal / INE long series,historical_long_series,281.6567069,0,146.1260762,427.782783,255.3629199,128.6372444,17.71329596,14.24243074,276.2176555,264.7709869,531.5805753,-103.7977923,131.1729509,19.17763962,146.1260762,11.44666853,-86.08449636,10698.31816,2.632719486,0,1.365878954,3.99859844,2.386944528,1.202406233,0.1655708467,0.1331277546,2.581879239,2.474884211,4.968823767,-0.9702253268,1.226108151,0.179258453,1.365878954,0.1069950282,-0.8046544802,-5.684341886e-14
1983,regional_local_government,Banco de Portugal / INE long series,historical_long_series,351.6446715,0,156.0174729,507.6621444,330.6823258,164.9466244,34.5463084,13.61485819,273.0336938,263.0434902,603.7160196,-96.05387516,158.5482931,22.33719935,156.0174729,9.990203609,-61.50756676,13668.75365,2.572616938,0,1.141416964,3.714033903,2.41925734,1.206742244,0.2527392716,0.09960570323,1.997502485,1.924414596,4.416759825,-0.7027259226,1.159932333,0.1634179672,1.141416964,0.07308788986,-0.449986651,5.684341886e-14
1984,regional_local_government,Banco de Portugal / INE long series,historical_long_series,439.9390082,0,156.6813829,596.6203911,400.754882,198.6638403,31.54674734,15.01577698,292.5317036,277.6255225,693.2865856,-96.66619447,191.2551921,24.60689702,156.6813829,14.9061811,-65.11944713,16785.04216,2.62101819,0,0.9334583813,3.554476571,2.387571494,1.183576654,0.1879455949,0.08945927471,1.742811849,1.654005512,4.130383343,-0.5759067719,1.139438259,0.1466001502,0.9334583813,0.08880633698,-0.387961177,4.263256415e-14
1985,regional_local_government,Banco de Portugal / INE long series,historical_long_series,564.4101654,0,187.2193813,751.6295467,524.5055505,252.846393,38.2371784,15.2133209,354.8399757,328.6171327,879.3455262,-127.7159795,254.3671773,34.7005564,187.2193813,26.22284295,-89.47880109,20605.41146,2.739135622,0,0.9085932676,3.64772889,2.545474773,1.227087328,0.1855686234,0.0738316773,1.722071779,1.594809855,4.267546551,-0.6198176616,1.234467838,0.1684050642,0.9085932676,0.1272619234,-0.4342490382,-4.263256415e-14
1986,regional_local_government,Banco de Portugal / INE long series,historical_long_series,701.4238493,2.798256203,265.6048922,967.0287415,625.5367372,311.4793348,34.16765595,18.81964466,372.4922936,340.6989156,998.0290308,-31.0002893,319.3852815,50.26386409,265.6048922,31.79337796,3.167366646,25181.81629,2.785437878,0.01111220958,1.054748749,3.840186627,2.484081093,1.236921639,0.1356838425,0.07473505661,1.479211385,1.352956084,3.963292478,-0.1231058513,1.268317098,0.1996038074,1.054748749,0.126255301,0.01257799124,-1.030286967e-13
1987,regional_local_government,Banco de Portugal / INE long series,historical_long_series,960.3131698,0.688341098,355.782564,1316.095734,858.7778699,402.0660209,86.34690396,24.09193843,444.5785657,403.1683642,1303.356436,12.73929829,376.7071358,77.68777247,355.782564,41.41020141,99.08620225,29670.65301,3.236575783,0.002319939159,1.199105945,4.435681727,2.894367945,1.355096636,0.2910178753,0.08119787057,1.498378096,1.358811901,4.392746042,0.0429356856,1.269628733,0.2618337131,1.199105945,0.1395661949,0.3339535609,-1.012523398e-13
1988,regional_local_government,Banco de Portugal / INE long series,historical_long_series,1208.964021,0.6983170559,404.1908999,1613.154921,929.5823309,465.5280773,42.96645085,26.15197374,608.2740595,554.8927086,1537.85639,75.29853054,433.1311539,77.40844565,404.1908999,53.38135094,118.2649814,35416.43021,3.413568262,0.00197173191,1.141252514,4.554820776,2.624720576,1.314440994,0.1213178477,0.07384136005,1.717491164,1.566766344,4.34221174,0.2126090351,1.222966717,0.2185664823,1.141252514,0.1507248208,0.3339268828,-7.105427358e-14
1989,regional_local_government,Banco de Portugal / INE long series,historical_long_series,1397.808216,0.8728963199,515.3230714,1913.131288,1191.400658,618.7937072,39.03592342,32.01783701,786.3498967,690.8051596,1977.750555,-64.61926757,510.679263,136.9100468,515.3230714,95.54473718,-25.58334414,41841.30823,3.340737361,0.002086207045,1.231613191,4.572350551,2.847426882,1.478906213,0.09329517904,0.0765220744,1.879362597,1.651012334,4.726789479,-0.1544389272,1.220514569,0.3272126341,1.231613191,0.2283502625,-0.06114374819,1.705302566e-13
1990,regional_local_government,Banco de Portugal / INE long series,historical_long_series,1605.119119,1.107331331,563.9957702,2169.11489,1703.631704,796.251035,312.9657525,45.50533215,801.5931605,732.6592911,2505.224865,-336.109975,525.847707,125.3678634,563.9957702,68.93386937,-23.14422242,50239.23883,3.194951112,0.002204116458,1.122620054,4.317571166,3.391038049,1.584918589,0.6229508246,0.09057727229,1.595551961,1.458340748,4.98659001,-0.6690188442,1.046687249,0.2495417255,1.122620054,0.1372112138,-0.04606801967,-2.842170943e-13
1991,regional_local_government,Banco de Portugal / INE long series,historical_long_series,1889.281096,0.2294470327,800.8699035,2690.151,1771.180718,976.6811983,151.8789717,36.32745084,1048.971978,953.0830698,2820.152696,-130.0016959,674.0505382,146.5967019,800.8699035,95.88890773,21.87727577,57608.07092,3.279542373,0.0003982897344,1.390204342,4.669746716,3.07453572,1.695389522,0.2636418287,0.06305965512,1.820876764,1.654426289,4.895412484,-0.2256657684,1.170062679,0.2544725064,1.390204342,0.1664504751,0.03797606033,-1.705302566e-13
1992,regional_local_government,Banco de Portugal / INE long series,historical_long_series,2376.071884,0.33918257,925.9734041,3302.045288,2106.890611,1164.528486,185.4480702,46.88201435,1254.875749,1114.803324,3361.766361,-59.72107222,815.0407518,189.4584052,925.9734041,140.0724255,125.7269979,64765.86489,3.668710189,0.0005237057678,1.429724448,5.098434637,3.25308805,1.798059037,0.2863361285,0.07238691929,1.93755731,1.721282231,5.190645359,-0.09221072291,1.258441855,0.2925281791,1.429724448,0.216275079,0.1941254056,1.98951966e-13
1993,regional_local_government,Banco de Portugal / INE long series,historical_long_series,2464.511961,0.1296874532,954.5644996,3419.076461,2240.177607,1225.321974,180.6446464,47.32095649,1448.563961,1337.87572,3688.741568,-269.6651071,845.2329885,201.9483046,954.5644996,110.6882413,-89.02046069,67733.29321,3.638553279,0.0001914678101,1.409298816,5.047852096,3.307350788,1.809039419,0.2666999312,0.06986365826,2.138629162,1.975211386,5.44597995,-0.3981278546,1.247884088,0.2981522011,1.409298816,0.1634177759,-0.1314279234,-2.842170943e-13
1994,regional_local_government,Banco de Portugal / INE long series,historical_long_series,2532.777278,0.03990383177,936.1389052,3468.916183,2324.983062,1269.340888,183.6673617,47.34589639,1250.633713,1165.224549,3575.616775,-106.7005919,811.8534332,216.7725781,936.1389052,85.40916391,76.96676976,73437.83279,3.448872579,5.433688638e-05,1.274736562,4.723609141,3.165920035,1.728456356,0.2500991038,0.06447071569,1.702982871,1.586681557,4.868902906,-0.1452937646,1.105497538,0.2951783431,1.274736562,0.1163013132,0.1048053392,-1.98951966e-13
1995,regional_local_government,Banco de Portugal / INE long series,historical_long_series,2803.100116,0.1496393691,1024.027095,3827.127211,2455.228487,1334.179627,194.3017328,55.86536447,1339.319424,1225.37902,3794.547911,32.57930034,905.592522,242.4556818,1024.027095,113.9404036,226.8810332,79373.07522,3.53155035,0.0001885266114,1.29014416,4.821694511,3.093276253,1.680896983,0.2447955207,0.07038326827,1.687372475,1.543822029,4.780648727,0.04104578315,1.140931631,0.3054633843,1.29014416,0.1435504462,0.2858413039,-2.842170943e-14
1977,social_security_funds,Banco de Portugal / INE long series,historical_long_series,311.3590899,295.6630299,0.03491585279,311.3940057,312.9529239,16.08993593,1.01754771,0,2.294470327,2.294470327,315.2473942,-3.853388511,11.20485131,292.1798675,0.03491585279,0,-2.835840801,3602.601334,8.642618513,8.206931671,0.0009691844741,8.643587697,8.686859712,0.4466199402,0.02824480467,0,0.06368926544,0.06368926544,8.750548977,-0.1069612803,0.311021128,8.110247023,0.0009691844741,0,-0.07871647561,2.575717417e-14
1978,social_security_funds,Banco de Portugal / INE long series,historical_long_series,389.570963,354.1307301,5.287257709,394.8582208,355.8623807,20.34422109,1.970251693,0,5.801019543,3.082571004,361.6634003,33.19482048,30.39630974,328.5411159,5.287257709,2.718448539,35.16507218,4456.083151,8.742452728,7.947130205,0.1186525819,8.86110531,7.985990581,0.4565494044,0.0442148772,0,0.1301820309,0.06917669395,8.116172611,0.7449326989,0.6821306675,7.372867713,0.1186525819,0.0610053369,0.7891475761,2.131628207e-14
1979,social_security_funds,Banco de Portugal / INE long series,historical_long_series,464.4608977,429.51255,5.202462066,469.6633597,406.5757559,25.64722337,0.09975957941,0,6.409552977,2.997775361,412.9853088,56.6780509,29.10619885,374.2001776,5.202462066,3.411777616,56.77781048,5665.868483,8.197523452,7.580701021,0.09182108765,8.289344539,7.175877044,0.4526618196,0.001760711173,0,0.1131256928,0.05290937074,7.289002737,1.000341802,0.5137111625,6.604462823,0.09182108765,0.0602163221,1.002102513,3.552713679e-14
1980,social_security_funds,Banco de Portugal / INE long series,historical_long_series,605.7181173,556.1441925,8.338309674,614.056427,577.2974062,39.29933805,0,0,8.998314063,4.085154777,586.2957203,27.7607067,42.08876109,529.5441885,8.338309674,4.913159286,27.7607067,7363.833272,8.225581636,7.552373498,0.1132332763,8.338814912,7.839631682,0.5336804433,0,0,0.1221960592,0.05547592709,7.961827742,0.3769871706,0.5715604839,7.191148536,0.1132332763,0.06672013209,0.3769871706,0
1981,social_security_funds,Banco de Portugal / INE long series,historical_long_series,753.2946082,702.0872597,8.467453437,761.7620617,767.4740109,44.09487911,1.516345607,0,11.06333736,3.092546962,778.5373482,-16.77528656,40.96895981,710.2535639,8.467453437,7.970790395,-15.25894095,8847.305645,8.514395664,7.935605345,0.09570657753,8.610102241,8.674663696,0.4983989576,0.0171390666,0,0.125047532,0.03495467531,8.799711228,-0.1896089864,0.4630670788,8.02790807,0.09570657753,0.09009285668,-0.1724699198,-1.065814104e-14
1982,social_security_funds,Banco de Portugal / INE long series,historical_long_series,987.5928289,925.6032312,9.537090612,997.1299195,969.7628941,51.69764744,2.593749065,0,9.49711196,0.5337137499,979.260006,17.86991351,52.2011203,901.4550134,9.537090612,8.96339821,20.46366257,10698.31816,9.23129051,8.651857399,0.08914570001,9.32043621,9.064629409,0.4832315386,0.02424445624,0,0.08877200901,0.004988763112,9.153401418,0.1670347922,0.4879376321,8.426137642,0.08914570001,0.0837832459,0.1912792485,4.618527782e-14
1983,social_security_funds,Banco de Portugal / INE long series,historical_long_series,1270.30784,1156.763211,8.991520436,1279.29936,1197.632707,55.00238213,3.446693469,0,14.00973653,4.778483854,1211.642443,67.65691683,102.4325326,1120.855084,8.991520436,9.231252681,71.1036103,13668.75365,9.29351624,8.462828731,0.06578156772,9.359297808,8.761828166,0.4023950066,0.0252158577,0,0.1024946158,0.03495917754,8.864322782,0.4949750254,0.7493918996,8.200126459,0.06578156772,0.06753543827,0.5201908831,0
1984,social_security_funds,Banco de Portugal / INE long series,historical_long_series,1653.468363,1412.541545,8.922721242,1662.391084,1449.237579,59.17223907,2.922955677,0,12.81121497,5.626440279,1462.048794,200.3422901,229.0001945,1363.461114,8.922721242,7.184774693,203.2652458,16785.04216,9.850844263,8.415478086,0.05315876574,9.904003029,8.634101512,0.3525295826,0.01741405025,0,0.07632518792,0.03352056089,8.7104267,1.193576329,1.364311107,8.12307232,0.05315876574,0.04280462702,1.210990379,1.136868377e-13
1985,social_security_funds,Banco de Portugal / INE long series,historical_long_series,1960.327278,1681.365469,10.13999262,1970.467271,1795.320525,77.55798883,2.384253948,0,13.4485889,5.372053351,1808.769113,161.6981574,251.6810437,1686.195085,10.13999262,8.076535549,164.0824114,20605.41146,9.513652673,8.159824774,0.04921033796,9.562863011,8.712859376,0.376396215,0.01157100868,0,0.06526726693,0.02607108022,8.778126643,0.7847363677,1.221431779,8.183263353,0.04921033796,0.03919618671,0.7963073763,-1.98951966e-13
1986,social_security_funds,Banco de Portugal / INE long series,historical_long_series,2722.788201,2422.141344,60.96806696,2783.756268,2388.144881,94.39251404,0.004987978971,37.09061163,52.51375186,10.24530881,2440.658633,343.0976347,254.4828014,2218.782734,60.96806696,42.26844305,343.1026227,25181.81629,10.81251714,9.618612561,0.2421114755,11.05462861,9.483608546,0.3748439468,1.980786022e-05,0.1472912486,0.2085383805,0.04068534489,9.692146926,1.362481684,1.010581598,8.81105123,0.2421114755,0.1678530356,1.362501492,0
1987,social_security_funds,Banco de Portugal / INE long series,historical_long_series,3243.630082,2856.324518,19.86213226,3263.492214,3066.897238,103.660179,0.004987978971,64.70406321,33.46861065,14.1608723,3100.365849,163.1263655,308.6366956,2857.997227,19.86213226,19.30773835,163.1313534,29670.65301,10.93211559,9.626766614,0.06694201255,10.9990576,10.33646694,0.3493693885,1.681115333e-05,0.218074281,0.1128003844,0.0477268643,10.44926732,0.5497902773,1.040208638,9.632404201,0.06694201255,0.0650735201,0.5498070885,-1.421085472e-13
1988,social_security_funds,Banco de Portugal / INE long series,historical_long_series,3802.522393,3301.51654,19.81724045,3822.339634,3555.381054,126.5300625,0.004987978971,83.75814288,35.38899253,16.57006614,3590.770047,231.5695873,399.5308856,3300.440937,19.81724045,18.81892639,231.5745753,35416.43021,10.7366055,9.321991293,0.05595493486,10.79256043,10.03879,0.3572637384,1.408379936e-05,0.2364951589,0.09992252839,0.04678638147,10.13871253,0.653847906,1.128094738,9.318954277,0.05595493486,0.05313614692,0.6538619898,-2.842170943e-14
1989,social_security_funds,Banco de Portugal / INE long series,historical_long_series,4457.672619,3918.405822,13.38773556,4471.060355,4144.99807,149.8239243,0,60.89823525,39.64278589,18.94933211,4184.640856,286.419499,431.4441346,3880.418192,13.38773556,20.69345378,286.419499,41841.30823,10.65376014,9.364921863,0.03199645547,10.6857566,9.9064734,0.3580765772,0,0.1455457246,0.09474556978,0.04528857465,10.00121897,0.6845376283,1.031143989,9.274132087,0.03199645547,0.04945699514,0.6845376283,-3.410605132e-13
1990,social_security_funds,Banco de Portugal / INE long series,historical_long_series,5321.365607,4747.51848,12.84404585,5334.209653,5067.357766,159.1115412,0,120.1903413,38.80215181,15.17343203,5106.159918,228.0497351,411.2039984,4724.598717,12.84404585,23.62871979,228.0497351,50239.23883,10.59205062,9.449821676,0.02556576522,10.61761638,10.0864541,0.3167077068,0,0.2392359918,0.07723475259,0.03020235255,10.16368886,0.4539275285,0.8184916968,9.404200436,0.02556576522,0.04703240005,0.4539275285,-2.842170943e-14
1991,social_security_funds,Banco de Portugal / INE long series,historical_long_series,6386.531216,5662.842549,12.23052444,6398.76174,6403.430489,200.2124879,0,188.0567832,65.22702786,18.3108708,6468.657517,-69.89577618,575.5080257,5944.229407,12.23052444,46.91615706,-69.89577618,57608.07092,11.08617441,9.829946497,0.02123057454,11.10740498,11.11550931,0.3475424271,0,0.3264417297,0.1132255026,0.0317852525,11.22873482,-0.1213298329,0.999005897,10.31839691,0.02123057454,0.08144025015,-0.1213298329,-6.394884622e-13
1992,social_security_funds,Banco de Portugal / INE long series,historical_long_series,7915.2188,6681.233228,18.38569049,7933.604491,7718.602645,231.7015991,3.726020291,122.9437057,34.24494468,4.474217137,7752.84759,180.7569009,1108.852665,7282.873275,18.38569049,29.77072755,184.4829212,64765.86489,12.22128171,10.31597932,0.02838793324,12.24966964,11.9177018,0.3577526519,0.00575306189,0.1898279377,0.05287499015,0.006908295202,11.97057679,0.2790928542,1.712094275,11.24492553,0.02838793324,0.04596669495,0.2848459161,-1.98951966e-13
1993,social_security_funds,Banco de Portugal / INE long series,historical_long_series,9418.148062,7402.335372,18.72986103,9436.877923,9135.943176,233.7865744,7.382208877,265.9041709,74.45132231,1.481429754,9210.394498,226.4834249,1912.625572,8558.484053,18.72986103,72.96989256,233.8656338,67733.29321,13.90475439,10.92865122,0.02765237027,13.93240676,13.48811307,0.3451575485,0.01089893688,0.3925752881,0.1099183559,0.002187151523,13.59803143,0.3343753333,2.8237599,12.63556465,0.02765237027,0.1077312044,0.3452742702,-9.379164112e-13
1994,social_security_funds,Banco de Portugal / INE long series,historical_long_series,9544.421192,7980.786305,19.62270927,9564.043902,9766.406208,231.746491,7.796211131,188.3810018,76.02380354,6.808811891,9842.430012,-278.3861104,1434.956754,9260.746601,19.62270927,69.21499165,-270.5898993,73437.83279,12.99659975,10.86740444,0.02672016388,13.02331991,13.29887585,0.3155682598,0.01061606918,0.2565176485,0.1035213059,0.009271531623,13.40239715,-0.379077241,1.953974811,12.6103212,0.02672016388,0.09424977429,-0.3684611718,-5.684341886e-13
1995,social_security_funds,Banco de Portugal / INE long series,historical_long_series,10556.09655,8904.270708,22.15660259,10578.25315,10853.72925,240.1262956,11.28779641,170.7185683,94.05928546,8.976487804,10947.78854,-369.5353881,1228.753704,10349.43287,22.15660259,85.08279766,-358.2475916,79373.07522,13.29934177,11.21825088,0.02791450694,13.32725628,13.6743212,0.3025286534,0.01422119072,0.2150837268,0.1185027608,0.01130923525,13.79282396,-0.465567684,1.548073701,13.03897176,0.02791450694,0.1071935255,-0.4513464933,-1.705302566e-13
