year,sector,intragov_current_received_m_eur,intragov_capital_received_m_eur,intragov_current_paid_m_eur,intragov_capital_paid_m_eur,intragov_received_m_eur,intragov_paid_m_eur,net_intragov_transfer_m_eur,source
1977,central_government,60.6852286,0.03079079419,35.18614639,35.56492353,60.71601939,70.75106992,-10.03505053,Banco de Portugal / INE long series
1978,central_government,24.87704632,0.129732345,50.52176255,44.1042737,25.00677866,94.62603625,-69.61925759,Banco de Portugal / INE long series
1979,central_government,8.191348849,0,79.08207221,85.2376772,8.191348849,164.3197494,-156.1284006,Banco de Portugal / INE long series
1980,central_government,11.62218054,0.06983170559,107.7533245,133.2494538,11.69201225,241.0027783,-229.3107661,Banco de Portugal / INE long series
1981,central_government,5.909592881,0.683353119,120.7973185,158.5047336,6.592946,279.3020521,-272.7091061,Banco de Portugal / INE long series
1982,central_government,9.076281162,0.9377400465,161.0913548,152.1153221,10.01402121,313.2066769,-303.1926557,Banco de Portugal / INE long series
1983,central_government,13.43520615,0.1945311799,233.3029349,159.7002624,13.62973733,393.0031973,-379.37346,Banco de Portugal / INE long series
1984,central_government,14.83739687,0.2493989485,383.4994813,156.6984318,15.08679582,540.197913,-525.1111172,Banco de Portugal / INE long series
1985,central_government,15.82060734,0.1147235163,457.5766253,185.1469908,15.93533085,642.7236161,-626.7882852,Banco de Portugal / INE long series
1986,central_government,71.24829162,23.42354925,436.3484004,280.3194302,94.67184086,716.6678305,-621.9959897,Banco de Portugal / INE long series
1987,central_government,210.632376,11.15810896,449.1226145,270.4781477,221.7904849,719.6007622,-497.8102772,Banco de Portugal / INE long series
1988,central_government,191.403717,1.94032382,553.121976,287.9061462,193.3440409,841.0281222,-647.6840814,Banco de Portugal / INE long series
1989,central_government,319.9389471,1.576201355,580.5259325,267.1511657,321.5151485,847.6770982,-526.1619497,Banco de Portugal / INE long series
1990,central_government,348.8742131,0.33918257,672.429445,395.5467324,349.2133957,1067.976177,-718.7627817,Banco de Portugal / INE long series
1991,central_government,400.853942,0.6983170559,841.6117158,459.687154,401.5522591,1301.29887,-899.7466107,Banco de Portugal / INE long series
1992,central_government,477.3645514,0.2643628854,1064.813799,531.78839,477.6289143,1596.602189,-1118.973274,Banco de Portugal / INE long series
1993,central_government,535.569278,42.38285731,1646.851089,579.3737094,577.9521354,2226.224798,-1648.272663,Banco de Portugal / INE long series
1994,central_government,453.9459902,36.62672958,1733.691803,623.2878762,490.5727197,2356.979679,-1866.406959,Banco de Portugal / INE long series
1995,central_government,518.9393562,35.30990313,1510.913698,680.8042617,554.2492593,2191.71796,-1637.4687,Banco de Portugal / INE long series
1977,regional_local_government,25.36481579,35.53000768,0.6299617921,0.03079079419,60.89482348,0.6607525863,60.23407089,Banco de Portugal / INE long series
1978,regional_local_government,22.04539061,38.84694387,0.2414181822,0.07486457637,60.89233447,0.3162827586,60.57605172,Banco de Portugal / INE long series
1979,regional_local_government,51.72799553,80.03521513,3.836274578,0,131.7632107,3.836274578,127.9269361,Banco de Portugal / INE long series
1980,regional_local_government,67.98416815,124.9793847,10.10084696,0.08320447721,192.9635528,10.18405144,182.7795014,Banco de Portugal / INE long series
1981,regional_local_government,84.55965124,150.0700612,4.444653385,0.05273291368,234.6297124,4.497386299,230.1323261,Banco de Portugal / INE long series
1982,regional_local_government,115.4114434,142.6231981,2.867634002,0.284389621,258.0346415,3.152023623,254.8826179,Banco de Portugal / INE long series
1983,regional_local_government,140.4317545,150.7268882,2.582336569,0.2027014894,291.1586427,2.785038058,288.3736046,Banco de Portugal / INE long series
1984,regional_local_government,166.243967,148.8213406,3.22856416,0.004987978971,315.0653076,3.233552139,311.8317555,Banco de Portugal / INE long series
1985,regional_local_government,222.3490239,176.0893896,5.396743847,0.004987978971,398.4384134,5.401731826,393.0366816,Banco de Portugal / INE long series
1986,regional_local_government,269.0615616,220.4187907,3.317006016,0.05486776868,489.4803524,3.371873784,486.1084786,Banco de Portugal / INE long series
1987,regional_local_government,305.02489,251.6734669,5.297233667,0.2294470327,556.698357,5.5266807,551.1716763,Banco de Portugal / INE long series
1988,regional_local_government,354.9445836,270.1389651,2.384253948,1.621093165,625.0835486,4.005347113,621.0782015,Banco de Portugal / INE long series
1989,regional_local_government,393.9056873,254.9206413,2.254566495,1.626081144,648.8263285,3.880647639,644.9456809,Banco de Portugal / INE long series
1990,regional_local_government,439.6903463,383.785078,3.032691214,0.164603306,823.4754242,3.19729452,820.2781297,Banco de Portugal / INE long series
1991,regional_local_government,552.7279257,448.5090931,4.773495875,0.004987978971,1001.237019,4.778483854,996.4585349,Banco de Portugal / INE long series
1992,regional_local_government,674.4844924,514.4352111,4.339541704,0.009975957941,1188.919704,4.349517662,1184.570186,Banco de Portugal / INE long series
1993,regional_local_government,693.8727666,561.671372,6.629024052,0.03990383177,1255.544139,6.668927884,1248.875211,Banco de Portugal / INE long series
1994,regional_local_government,655.2009657,604.6827147,8.110453806,0.009975957941,1259.88368,8.120429764,1251.763251,Banco de Portugal / INE long series
1995,regional_local_government,726.7285841,660.4882234,5.96063487,0.518749813,1387.216807,6.479384683,1380.737423,Banco de Portugal / INE long series
1977,social_security_funds,10.0557656,0.03491585279,60.28970182,0,10.09068146,60.28970182,-50.19902036,Banco de Portugal / INE long series
1978,social_security_funds,28.96519388,5.28226973,25.12445008,0.07980766353,34.24746361,25.20425774,9.043205874,Banco de Portugal / INE long series
1979,social_security_funds,27.56799114,5.202462066,4.568988737,0,32.77045321,4.568988737,28.20146447,Banco de Portugal / INE long series
1980,social_security_funds,39.83898804,8.338309674,1.591165292,0.05486776868,48.17729771,1.64603306,46.53126465,Banco de Portugal / INE long series
1981,social_security_funds,37.13204178,8.467453437,2.359314053,0.6634012031,45.59949522,3.022715256,42.57677996,Banco de Portugal / INE long series
1982,social_security_funds,46.47937471,9.537090612,7.008110454,0.6983170559,56.01646532,7.70642751,48.31003781,Banco de Portugal / INE long series
1983,social_security_funds,93.5156024,8.981544478,11.49729153,0,102.4971469,11.49729153,90.99985535,Banco de Portugal / INE long series
1984,social_security_funds,217.617831,7.882079189,11.97114953,0.2493989485,225.4999102,12.22054848,213.2793617,Banco de Portugal / INE long series
1985,social_security_funds,237.1739258,9.057601181,12.37018785,0.1097355374,246.231527,12.47992338,233.7516036,Banco de Portugal / INE long series
1986,social_security_funds,169.8656238,59.95051925,70.51007073,23.41856127,229.8161431,93.928632,135.8875111,Banco de Portugal / INE long series
1987,social_security_funds,150.2578785,18.85456051,211.4952963,10.97854171,169.112439,222.4738381,-53.36139903,Banco de Portugal / INE long series
1988,social_security_funds,206.0384473,18.77475285,196.880518,1.326802406,224.8132002,198.2073204,26.60587983,Banco de Portugal / INE long series
1989,social_security_funds,218.9473369,12.28040423,350.0114724,0,231.2277411,350.0114724,-118.7837312,Banco de Portugal / INE long series
1990,social_security_funds,242.161391,11.76165441,355.2638142,0.174579264,253.9230455,355.4383935,-101.515348,Banco de Portugal / INE long series
1991,social_security_funds,296.1313235,11.17806087,403.3279796,0.6933290769,307.3093844,404.0213086,-96.71192426,Banco de Portugal / INE long series
1992,social_security_funds,422.426951,17.35317884,505.1226544,0.2543869275,439.7801299,505.3770413,-65.59691144,Banco de Portugal / INE long series
1993,social_security_funds,1006.953243,17.70233737,582.9151744,42.34295348,1024.65558,625.2581279,399.3974521,Banco de Portugal / INE long series
1994,social_security_funds,1090.471963,18.60516156,457.8166618,36.61675362,1109.077124,494.4334155,614.6437087,Banco de Portugal / INE long series
1995,social_security_funds,796.5054219,20.36591814,525.2990293,34.84103311,816.8713401,560.1400624,256.7312776,Banco de Portugal / INE long series
